"skola","predmet","obor","typ","konali","neuspeli","volba","prumer","odchylka"
"Gymnázium a Střední odborná škola pedagogická. Liberec. Jeronýmova 425/27. příspěvková organizace","Anglický jazyk","Gymnázium 4 leté","Didaktický test",22,0,"36.7","87.0","4.4"
"Gymnázium a Střední odborná škola pedagogická. Liberec. Jeronýmova 425/27. příspěvková organizace","Anglický jazyk","Gymnázium 4 leté","Písemná práce",22,0,"36.7","78.7","7.5"
"Gymnázium a Střední odborná škola pedagogická. Liberec. Jeronýmova 425/27. příspěvková organizace","Anglický jazyk","Gymnázium 4 leté","Ústní zkouška",22,0,"36.7","75.0","6.3"
"Gymnázium a Střední odborná škola pedagogická. Liberec. Jeronýmova 425/27. příspěvková organizace","Český jazyk a literatura","Gymnázium 4 leté","Didaktický test",60,0,"100.0","84.5","9.6"
"Gymnázium a Střední odborná škola pedagogická. Liberec. Jeronýmova 425/27. příspěvková organizace","Český jazyk a literatura","Gymnázium 4 leté","Písemná práce",60,0,"100.0","80.7","10.8"
"Gymnázium a Střední odborná škola pedagogická. Liberec. Jeronýmova 425/27. příspěvková organizace","Český jazyk a literatura","Gymnázium 4 leté","Ústní zkouška",60,0,"100.0","71.5","12.9"
"Gymnázium a Střední odborná škola pedagogická. Liberec. Jeronýmova 425/27. příspěvková organizace","Matematika","Gymnázium 4 leté","Didaktický test",34,0,"56.7","66.1","17.7"
"Gymnázium a Střední odborná škola pedagogická. Liberec. Jeronýmova 425/27. příspěvková organizace","Německý jazyk","Gymnázium 4 leté","Didaktický test",4,0,"6.7","86.1","4.1"
"Gymnázium a Střední odborná škola pedagogická. Liberec. Jeronýmova 425/27. příspěvková organizace","Německý jazyk","Gymnázium 4 leté","Písemná práce",4,0,"6.7","85.2","5.8"
"Gymnázium a Střední odborná škola pedagogická. Liberec. Jeronýmova 425/27. příspěvková organizace","Německý jazyk","Gymnázium 4 leté","Ústní zkouška",4,0,"6.7","77.0","3.8"
"Gymnázium a Střední odborná škola. Jilemnice. Tkalcovská 460. příspěvková organizace","Anglický jazyk","Gymnázium 4 leté","Didaktický test",21,0,"67.7","71.5","10.3"
"Gymnázium a Střední odborná škola. Jilemnice. Tkalcovská 460. příspěvková organizace","Anglický jazyk","Gymnázium 4 leté","Písemná práce",21,0,"67.7","60.1","12.3"
"Gymnázium a Střední odborná škola. Jilemnice. Tkalcovská 460. příspěvková organizace","Anglický jazyk","Gymnázium 4 leté","Ústní zkouška",21,0,"67.7","62.8","13.5"
"Gymnázium a Střední odborná škola. Jilemnice. Tkalcovská 460. příspěvková organizace","Český jazyk a literatura","Gymnázium 4 leté","Didaktický test",31,1,"100.0","64.4","12.3"
"Gymnázium a Střední odborná škola. Jilemnice. Tkalcovská 460. příspěvková organizace","Český jazyk a literatura","Gymnázium 4 leté","Písemná práce",31,0,"100.0","69.2","11.9"
"Gymnázium a Střední odborná škola. Jilemnice. Tkalcovská 460. příspěvková organizace","Český jazyk a literatura","Gymnázium 4 leté","Ústní zkouška",31,0,"100.0","57.2","12.8"
"Gymnázium a Střední odborná škola. Jilemnice. Tkalcovská 460. příspěvková organizace","Matematika","Gymnázium 4 leté","Didaktický test",5,0,"16.1","47.4","11.6"
"Gymnázium a Střední odborná škola. Jilemnice. Tkalcovská 460. příspěvková organizace","Německý jazyk","Gymnázium 4 leté","Didaktický test",5,0,"16.1","69.1","18.5"
"Gymnázium a Střední odborná škola. Jilemnice. Tkalcovská 460. příspěvková organizace","Německý jazyk","Gymnázium 4 leté","Písemná práce",5,0,"16.1","72.8","8.7"
"Gymnázium a Střední odborná škola. Jilemnice. Tkalcovská 460. příspěvková organizace","Německý jazyk","Gymnázium 4 leté","Ústní zkouška",5,0,"16.1","63.4","12.7"
"Gymnázium Dr. Antona Randy. Jablonec nad Nisou. příspěvková organizace","Anglický jazyk","Gymnázium 4 leté","Didaktický test",38,0,"77.4","72.8","12.5"
"Gymnázium Dr. Antona Randy. Jablonec nad Nisou. příspěvková organizace","Anglický jazyk","Gymnázium 4 leté","Písemná práce",38,0,"77.4","70.7","9.2"
"Gymnázium Dr. Antona Randy. Jablonec nad Nisou. příspěvková organizace","Anglický jazyk","Gymnázium 4 leté","Ústní zkouška",38,1,"77.4","49.8","17.2"
"Gymnázium Dr. Antona Randy. Jablonec nad Nisou. příspěvková organizace","Český jazyk a literatura","Gymnázium 4 leté","Didaktický test",49,5,"100.0","68.6","16.4"
"Gymnázium Dr. Antona Randy. Jablonec nad Nisou. příspěvková organizace","Český jazyk a literatura","Gymnázium 4 leté","Písemná práce",49,0,"100.0","52.7","13.4"
"Gymnázium Dr. Antona Randy. Jablonec nad Nisou. příspěvková organizace","Český jazyk a literatura","Gymnázium 4 leté","Ústní zkouška",49,2,"100.0","48.1","21.3"
"Gymnázium Dr. Antona Randy. Jablonec nad Nisou. příspěvková organizace","Matematika","Gymnázium 4 leté","Didaktický test",10,0,"20.8","64.6","20.0"
"Gymnázium F. X. Šaldy. Liberec 11. Partyzánská 530. příspěvková organizace","Anglický jazyk","Gymnázium 4 leté","Didaktický test",43,0,"82.1","79.2","10.1"
"Gymnázium F. X. Šaldy. Liberec 11. Partyzánská 530. příspěvková organizace","Anglický jazyk","Gymnázium 4 leté","Písemná práce",43,0,"82.1","79.9","5.6"
"Gymnázium F. X. Šaldy. Liberec 11. Partyzánská 530. příspěvková organizace","Anglický jazyk","Gymnázium 4 leté","Ústní zkouška",43,3,"82.1","52.5","16.9"
"Gymnázium F. X. Šaldy. Liberec 11. Partyzánská 530. příspěvková organizace","Český jazyk a literatura","Gymnázium 4 leté","Didaktický test",52,0,"100.0","79.1","10.4"
"Gymnázium F. X. Šaldy. Liberec 11. Partyzánská 530. příspěvková organizace","Český jazyk a literatura","Gymnázium 4 leté","Písemná práce",52,0,"100.0","67.0","11.5"
"Gymnázium F. X. Šaldy. Liberec 11. Partyzánská 530. příspěvková organizace","Český jazyk a literatura","Gymnázium 4 leté","Ústní zkouška",52,1,"100.0","60.4","17.9"
"Gymnázium F. X. Šaldy. Liberec 11. Partyzánská 530. příspěvková organizace","Matematika","Gymnázium 4 leté","Didaktický test",5,0,"10.7","63.4","14.8"
"Gymnázium Ivana Olbrachta. Semily. Nad Špejcharem 574. příspěvková organizace","Anglický jazyk","Gymnázium 4 leté","Didaktický test",15,0,"62.5","72.9","9.5"
"Gymnázium Ivana Olbrachta. Semily. Nad Špejcharem 574. příspěvková organizace","Anglický jazyk","Gymnázium 4 leté","Písemná práce",15,0,"62.5","72.3","12.0"
"Gymnázium Ivana Olbrachta. Semily. Nad Špejcharem 574. příspěvková organizace","Anglický jazyk","Gymnázium 4 leté","Ústní zkouška",15,2,"62.5","51.0","26.2"
"Gymnázium Ivana Olbrachta. Semily. Nad Špejcharem 574. příspěvková organizace","Český jazyk a literatura","Gymnázium 4 leté","Didaktický test",24,0,"100.0","64.9","15.4"
"Gymnázium Ivana Olbrachta. Semily. Nad Špejcharem 574. příspěvková organizace","Český jazyk a literatura","Gymnázium 4 leté","Písemná práce",24,1,"100.0","43.9","17.5"
"Gymnázium Ivana Olbrachta. Semily. Nad Špejcharem 574. příspěvková organizace","Český jazyk a literatura","Gymnázium 4 leté","Ústní zkouška",24,2,"100.0","50.6","28.8"
"Gymnázium Ivana Olbrachta. Semily. Nad Špejcharem 574. příspěvková organizace","Matematika","Gymnázium 4 leté","Didaktický test",5,1,"20.8","45.4","30.6"
"Gymnázium Ivana Olbrachta. Semily. Nad Špejcharem 574. příspěvková organizace","Německý jazyk","Gymnázium 4 leté","Didaktický test",4,0,"16.7","59.3","19.1"
"Gymnázium Ivana Olbrachta. Semily. Nad Špejcharem 574. příspěvková organizace","Německý jazyk","Gymnázium 4 leté","Písemná práce",4,0,"16.7","86.9","10.6"
"Gymnázium Ivana Olbrachta. Semily. Nad Špejcharem 574. příspěvková organizace","Německý jazyk","Gymnázium 4 leté","Ústní zkouška",4,0,"16.7","66.2","5.7"
"Gymnázium. Česká Lípa. Žitavská 2969. příspěvková organizace","Anglický jazyk","Gymnázium 4 leté","Didaktický test",18,0,"62.1","79.4","6.6"
"Gymnázium. Česká Lípa. Žitavská 2969. příspěvková organizace","Anglický jazyk","Gymnázium 4 leté","Písemná práce",18,0,"62.1","80.8","6.9"
"Gymnázium. Česká Lípa. Žitavská 2969. příspěvková organizace","Anglický jazyk","Gymnázium 4 leté","Ústní zkouška",18,0,"62.1","59.4","11.1"
"Gymnázium. Česká Lípa. Žitavská 2969. příspěvková organizace","Český jazyk a literatura","Gymnázium 4 leté","Didaktický test",29,0,"100.0","75.7","9.9"
"Gymnázium. Česká Lípa. Žitavská 2969. příspěvková organizace","Český jazyk a literatura","Gymnázium 4 leté","Písemná práce",29,0,"100.0","58.9","13.2"
"Gymnázium. Česká Lípa. Žitavská 2969. příspěvková organizace","Český jazyk a literatura","Gymnázium 4 leté","Ústní zkouška",29,0,"100.0","57.3","14.2"
"Gymnázium. Česká Lípa. Žitavská 2969. příspěvková organizace","Matematika","Gymnázium 4 leté","Didaktický test",11,0,"37.9","75.0","13.5"
"Gymnázium. Jablonec nad Nisou. U Balvanu 16. příspěvková organizace","Anglický jazyk","Gymnázium 4 leté","Didaktický test",12,0,"46.2","78.7","7.1"
"Gymnázium. Jablonec nad Nisou. U Balvanu 16. příspěvková organizace","Anglický jazyk","Gymnázium 4 leté","Písemná práce",12,0,"46.2","67.4","5.7"
"Gymnázium. Jablonec nad Nisou. U Balvanu 16. příspěvková organizace","Anglický jazyk","Gymnázium 4 leté","Ústní zkouška",12,0,"46.2","78.8","3.9"
"Gymnázium. Jablonec nad Nisou. U Balvanu 16. příspěvková organizace","Český jazyk a literatura","Gymnázium 4 leté","Didaktický test",26,0,"100.0","78.9","9.7"
"Gymnázium. Jablonec nad Nisou. U Balvanu 16. příspěvková organizace","Český jazyk a literatura","Gymnázium 4 leté","Písemná práce",26,0,"100.0","48.6","13.5"
"Gymnázium. Jablonec nad Nisou. U Balvanu 16. příspěvková organizace","Český jazyk a literatura","Gymnázium 4 leté","Ústní zkouška",26,0,"100.0","69.8","9.7"
"Gymnázium. Jablonec nad Nisou. U Balvanu 16. příspěvková organizace","Matematika","Gymnázium 4 leté","Didaktický test",14,0,"53.8","72.8","17.4"
"Gymnázium. Mimoň. Letná 263. příspěvková organizace","Anglický jazyk","Gymnázium 4 leté","Didaktický test",7,0,"86.7","69.5","18.2"
"Gymnázium. Mimoň. Letná 263. příspěvková organizace","Anglický jazyk","Gymnázium 4 leté","Písemná práce",7,0,"86.7","78.3","10.7"
"Gymnázium. Mimoň. Letná 263. příspěvková organizace","Anglický jazyk","Gymnázium 4 leté","Ústní zkouška",7,0,"86.7","60.9","18.5"
"Gymnázium. Mimoň. Letná 263. příspěvková organizace","Český jazyk a literatura","Gymnázium 4 leté","Didaktický test",9,0,"100.0","47.5","12.4"
"Gymnázium. Mimoň. Letná 263. příspěvková organizace","Český jazyk a literatura","Gymnázium 4 leté","Písemná práce",9,0,"100.0","37.2","14.2"
"Gymnázium. Mimoň. Letná 263. příspěvková organizace","Český jazyk a literatura","Gymnázium 4 leté","Ústní zkouška",9,1,"100.0","32.2","15.2"
"Gymnázium. Tanvald. Školní 305. příspěvková organizace","Anglický jazyk","Gymnázium 4 leté","Didaktický test",14,0,"100.0","66.9","12.4"
"Gymnázium. Tanvald. Školní 305. příspěvková organizace","Anglický jazyk","Gymnázium 4 leté","Písemná práce",14,0,"100.0","62.8","13.1"
"Gymnázium. Tanvald. Školní 305. příspěvková organizace","Anglický jazyk","Gymnázium 4 leté","Ústní zkouška",14,1,"100.0","33.3","15.6"
"Gymnázium. Tanvald. Školní 305. příspěvková organizace","Český jazyk a literatura","Gymnázium 4 leté","Didaktický test",14,1,"100.0","62.7","14.6"
"Gymnázium. Tanvald. Školní 305. příspěvková organizace","Český jazyk a literatura","Gymnázium 4 leté","Písemná práce",14,0,"100.0","57.7","11.4"
"Gymnázium. Tanvald. Školní 305. příspěvková organizace","Český jazyk a literatura","Gymnázium 4 leté","Ústní zkouška",14,0,"100.0","32.9","15.0"
"Gymnázium. Turnov. Jana Palacha 804. příspěvková organizace","Anglický jazyk","Gymnázium 4 leté","Didaktický test",29,0,"100.0","72.0","9.8"
"Gymnázium. Turnov. Jana Palacha 804. příspěvková organizace","Anglický jazyk","Gymnázium 4 leté","Písemná práce",29,0,"100.0","80.4","7.4"
"Gymnázium. Turnov. Jana Palacha 804. příspěvková organizace","Anglický jazyk","Gymnázium 4 leté","Ústní zkouška",29,0,"100.0","63.0","13.0"
"Gymnázium. Turnov. Jana Palacha 804. příspěvková organizace","Český jazyk a literatura","Gymnázium 4 leté","Didaktický test",29,1,"100.0","66.2","13.1"
"Gymnázium. Turnov. Jana Palacha 804. příspěvková organizace","Český jazyk a literatura","Gymnázium 4 leté","Písemná práce",29,0,"100.0","45.7","16.5"
"Gymnázium. Turnov. Jana Palacha 804. příspěvková organizace","Český jazyk a literatura","Gymnázium 4 leté","Ústní zkouška",29,0,"100.0","60.5","13.0"
"Vyšší odborná škola sklářská a Střední škola. Nový Bor. Wolkerova 316. příspěvková organizace","Anglický jazyk","Gymnázium 4 leté","Didaktický test",24,0,"88.9","80.9","5.7"
"Vyšší odborná škola sklářská a Střední škola. Nový Bor. Wolkerova 316. příspěvková organizace","Anglický jazyk","Gymnázium 4 leté","Písemná práce",24,0,"88.9","79.3","7.1"
"Vyšší odborná škola sklářská a Střední škola. Nový Bor. Wolkerova 316. příspěvková organizace","Anglický jazyk","Gymnázium 4 leté","Ústní zkouška",24,0,"88.9","69.2","9.2"
"Vyšší odborná škola sklářská a Střední škola. Nový Bor. Wolkerova 316. příspěvková organizace","Český jazyk a literatura","Gymnázium 4 leté","Didaktický test",27,0,"100.0","70.6","12.4"
"Vyšší odborná škola sklářská a Střední škola. Nový Bor. Wolkerova 316. příspěvková organizace","Český jazyk a literatura","Gymnázium 4 leté","Písemná práce",27,0,"100.0","47.7","18.7"
"Vyšší odborná škola sklářská a Střední škola. Nový Bor. Wolkerova 316. příspěvková organizace","Český jazyk a literatura","Gymnázium 4 leté","Ústní zkouška",27,0,"100.0","66.1","9.2"
"Gymnázium F. X. Šaldy. Liberec 11. Partyzánská 530. příspěvková organizace","Český jazyk a literatura","Gymnázium 6 leté","Didaktický test",27,0,"100.0","73.8","11.2"
"Gymnázium F. X. Šaldy. Liberec 11. Partyzánská 530. příspěvková organizace","Český jazyk a literatura","Gymnázium 6 leté","Písemná práce",27,0,"100.0","67.6","11.9"
"Gymnázium F. X. Šaldy. Liberec 11. Partyzánská 530. příspěvková organizace","Český jazyk a literatura","Gymnázium 6 leté","Ústní zkouška",27,0,"100.0","67.9","14.9"
"Gymnázium a Střední odborná škola pedagogická. Liberec. Jeronýmova 425/27. příspěvková organizace","Anglický jazyk","Gymnázium 8 leté","Didaktický test",10,0,"40.0","90.4","2.8"
"Gymnázium a Střední odborná škola pedagogická. Liberec. Jeronýmova 425/27. příspěvková organizace","Anglický jazyk","Gymnázium 8 leté","Písemná práce",10,0,"40.0","86.2","6.0"
"Gymnázium a Střední odborná škola pedagogická. Liberec. Jeronýmova 425/27. příspěvková organizace","Anglický jazyk","Gymnázium 8 leté","Ústní zkouška",10,0,"40.0","80.2","7.4"
"Gymnázium a Střední odborná škola pedagogická. Liberec. Jeronýmova 425/27. příspěvková organizace","Český jazyk a literatura","Gymnázium 8 leté","Didaktický test",25,0,"100.0","88.6","10.4"
"Gymnázium a Střední odborná škola pedagogická. Liberec. Jeronýmova 425/27. příspěvková organizace","Český jazyk a literatura","Gymnázium 8 leté","Písemná práce",25,0,"100.0","61.0","15.9"
"Gymnázium a Střední odborná škola pedagogická. Liberec. Jeronýmova 425/27. příspěvková organizace","Český jazyk a literatura","Gymnázium 8 leté","Ústní zkouška",25,0,"100.0","66.6","15.4"
"Gymnázium a Střední odborná škola pedagogická. Liberec. Jeronýmova 425/27. příspěvková organizace","Matematika","Gymnázium 8 leté","Didaktický test",13,0,"52.0","80.4","13.5"
"Gymnázium a Střední odborná škola. Jilemnice. Tkalcovská 460. příspěvková organizace","Anglický jazyk","Gymnázium 8 leté","Didaktický test",9,0,"42.9","76.8","10.0"
"Gymnázium a Střední odborná škola. Jilemnice. Tkalcovská 460. příspěvková organizace","Anglický jazyk","Gymnázium 8 leté","Písemná práce",9,0,"42.9","61.4","9.9"
"Gymnázium a Střední odborná škola. Jilemnice. Tkalcovská 460. příspěvková organizace","Anglický jazyk","Gymnázium 8 leté","Ústní zkouška",9,0,"42.9","51.0","12.9"
"Gymnázium a Střední odborná škola. Jilemnice. Tkalcovská 460. příspěvková organizace","Český jazyk a literatura","Gymnázium 8 leté","Didaktický test",21,0,"100.0","81.2","11.4"
"Gymnázium a Střední odborná škola. Jilemnice. Tkalcovská 460. příspěvková organizace","Český jazyk a literatura","Gymnázium 8 leté","Písemná práce",21,0,"100.0","78.9","7.8"
"Gymnázium a Střední odborná škola. Jilemnice. Tkalcovská 460. příspěvková organizace","Český jazyk a literatura","Gymnázium 8 leté","Ústní zkouška",21,0,"100.0","63.2","11.8"
"Gymnázium a Střední odborná škola. Jilemnice. Tkalcovská 460. příspěvková organizace","Matematika","Gymnázium 8 leté","Didaktický test",6,0,"28.6","60.0","21.9"
"Gymnázium a Střední odborná škola. Jilemnice. Tkalcovská 460. příspěvková organizace","Německý jazyk","Gymnázium 8 leté","Didaktický test",6,0,"28.6","69.1","6.4"
"Gymnázium a Střední odborná škola. Jilemnice. Tkalcovská 460. příspěvková organizace","Německý jazyk","Gymnázium 8 leté","Písemná práce",6,0,"28.6","87.3","7.3"
"Gymnázium a Střední odborná škola. Jilemnice. Tkalcovská 460. příspěvková organizace","Německý jazyk","Gymnázium 8 leté","Ústní zkouška",6,0,"28.6","70.6","10.5"
"Gymnázium Dr. Antona Randy. Jablonec nad Nisou. příspěvková organizace","Anglický jazyk","Gymnázium 8 leté","Didaktický test",6,0,"25.0","94.6","5.0"
"Gymnázium Dr. Antona Randy. Jablonec nad Nisou. příspěvková organizace","Anglický jazyk","Gymnázium 8 leté","Písemná práce",6,0,"25.0","91.9","2.3"
"Gymnázium Dr. Antona Randy. Jablonec nad Nisou. příspěvková organizace","Anglický jazyk","Gymnázium 8 leté","Ústní zkouška",6,0,"25.0","63.4","13.1"
"Gymnázium Dr. Antona Randy. Jablonec nad Nisou. příspěvková organizace","Český jazyk a literatura","Gymnázium 8 leté","Didaktický test",24,0,"100.0","87.3","10.2"
"Gymnázium Dr. Antona Randy. Jablonec nad Nisou. příspěvková organizace","Český jazyk a literatura","Gymnázium 8 leté","Písemná práce",24,0,"100.0","69.1","14.8"
"Gymnázium Dr. Antona Randy. Jablonec nad Nisou. příspěvková organizace","Český jazyk a literatura","Gymnázium 8 leté","Ústní zkouška",24,0,"100.0","82.1","4.4"
"Gymnázium Dr. Antona Randy. Jablonec nad Nisou. příspěvková organizace","Matematika","Gymnázium 8 leté","Didaktický test",14,1,"58.3","73.5","16.7"
"Gymnázium Dr. Antona Randy. Jablonec nad Nisou. příspěvková organizace","Německý jazyk","Gymnázium 8 leté","Didaktický test",4,0,"16.7","93.7","4.2"
"Gymnázium Dr. Antona Randy. Jablonec nad Nisou. příspěvková organizace","Německý jazyk","Gymnázium 8 leté","Písemná práce",4,0,"16.7","92.4","2.3"
"Gymnázium Dr. Antona Randy. Jablonec nad Nisou. příspěvková organizace","Německý jazyk","Gymnázium 8 leté","Ústní zkouška",4,0,"16.7","78.1","0.0"
"Gymnázium F. X. Šaldy. Liberec 11. Partyzánská 530. příspěvková organizace","Anglický jazyk","Gymnázium 8 leté","Didaktický test",13,0,"52.0","87.8","6.3"
"Gymnázium F. X. Šaldy. Liberec 11. Partyzánská 530. příspěvková organizace","Anglický jazyk","Gymnázium 8 leté","Písemná práce",13,0,"52.0","82.4","6.2"
"Gymnázium F. X. Šaldy. Liberec 11. Partyzánská 530. příspěvková organizace","Anglický jazyk","Gymnázium 8 leté","Ústní zkouška",13,0,"52.0","71.2","7.1"
"Gymnázium F. X. Šaldy. Liberec 11. Partyzánská 530. příspěvková organizace","Český jazyk a literatura","Gymnázium 8 leté","Didaktický test",25,0,"100.0","83.7","8.9"
"Gymnázium F. X. Šaldy. Liberec 11. Partyzánská 530. příspěvková organizace","Český jazyk a literatura","Gymnázium 8 leté","Písemná práce",25,0,"100.0","62.9","13.9"
"Gymnázium F. X. Šaldy. Liberec 11. Partyzánská 530. příspěvková organizace","Český jazyk a literatura","Gymnázium 8 leté","Ústní zkouška",25,0,"100.0","61.9","17.2"
"Gymnázium F. X. Šaldy. Liberec 11. Partyzánská 530. příspěvková organizace","Matematika","Gymnázium 8 leté","Didaktický test",10,0,"40.0","73.8","11.9"
"Gymnázium Ivana Olbrachta. Semily. Nad Špejcharem 574. příspěvková organizace","Anglický jazyk","Gymnázium 8 leté","Didaktický test",18,0,"63.3","86.0","5.1"
"Gymnázium Ivana Olbrachta. Semily. Nad Špejcharem 574. příspěvková organizace","Anglický jazyk","Gymnázium 8 leté","Písemná práce",18,0,"63.3","83.1","6.9"
"Gymnázium Ivana Olbrachta. Semily. Nad Špejcharem 574. příspěvková organizace","Anglický jazyk","Gymnázium 8 leté","Ústní zkouška",18,0,"63.3","78.5","5.1"
"Gymnázium Ivana Olbrachta. Semily. Nad Špejcharem 574. příspěvková organizace","Český jazyk a literatura","Gymnázium 8 leté","Didaktický test",29,0,"100.0","74.3","12.0"
"Gymnázium Ivana Olbrachta. Semily. Nad Špejcharem 574. příspěvková organizace","Český jazyk a literatura","Gymnázium 8 leté","Písemná práce",29,0,"100.0","61.3","14.0"
"Gymnázium Ivana Olbrachta. Semily. Nad Špejcharem 574. příspěvková organizace","Český jazyk a literatura","Gymnázium 8 leté","Ústní zkouška",29,0,"100.0","72.2","15.8"
"Gymnázium Ivana Olbrachta. Semily. Nad Špejcharem 574. příspěvková organizace","Matematika","Gymnázium 8 leté","Didaktický test",8,2,"26.7","41.1","17.5"
"Gymnázium. Česká Lípa. Žitavská 2969. příspěvková organizace","Anglický jazyk","Gymnázium 8 leté","Didaktický test",28,0,"80.0","81.3","10.9"
"Gymnázium. Česká Lípa. Žitavská 2969. příspěvková organizace","Anglický jazyk","Gymnázium 8 leté","Písemná práce",28,0,"80.0","78.4","8.2"
"Gymnázium. Česká Lípa. Žitavská 2969. příspěvková organizace","Anglický jazyk","Gymnázium 8 leté","Ústní zkouška",28,1,"80.0","61.6","15.9"
"Gymnázium. Česká Lípa. Žitavská 2969. příspěvková organizace","Český jazyk a literatura","Gymnázium 8 leté","Didaktický test",35,0,"100.0","80.7","9.7"
"Gymnázium. Česká Lípa. Žitavská 2969. příspěvková organizace","Český jazyk a literatura","Gymnázium 8 leté","Písemná práce",35,0,"100.0","69.0","13.4"
"Gymnázium. Česká Lípa. Žitavská 2969. příspěvková organizace","Český jazyk a literatura","Gymnázium 8 leté","Ústní zkouška",35,0,"100.0","62.0","16.9"
"Gymnázium. Česká Lípa. Žitavská 2969. příspěvková organizace","Matematika","Gymnázium 8 leté","Didaktický test",7,0,"20.0","74.9","10.4"
"Gymnázium. Frýdlant. Mládeže 884. příspěvková organizace","Anglický jazyk","Gymnázium 8 leté","Didaktický test",7,0,"70.0","68.0","6.5"
"Gymnázium. Frýdlant. Mládeže 884. příspěvková organizace","Anglický jazyk","Gymnázium 8 leté","Písemná práce",7,0,"70.0","62.1","11.2"
"Gymnázium. Frýdlant. Mládeže 884. příspěvková organizace","Anglický jazyk","Gymnázium 8 leté","Ústní zkouška",7,1,"70.0","59.9","21.7"
"Gymnázium. Frýdlant. Mládeže 884. příspěvková organizace","Český jazyk a literatura","Gymnázium 8 leté","Didaktický test",12,0,"100.0","76.7","9.6"
"Gymnázium. Frýdlant. Mládeže 884. příspěvková organizace","Český jazyk a literatura","Gymnázium 8 leté","Písemná práce",12,0,"100.0","75.2","11.9"
"Gymnázium. Frýdlant. Mládeže 884. příspěvková organizace","Český jazyk a literatura","Gymnázium 8 leté","Ústní zkouška",12,0,"100.0","55.4","13.7"
"Gymnázium. Frýdlant. Mládeže 884. příspěvková organizace","Matematika","Gymnázium 8 leté","Didaktický test",3,0,"20.0","53.0","10.3"
"Gymnázium. Jablonec nad Nisou. U Balvanu 16. příspěvková organizace","Anglický jazyk","Gymnázium 8 leté","Didaktický test",10,0,"64.7","88.4","4.8"
"Gymnázium. Jablonec nad Nisou. U Balvanu 16. příspěvková organizace","Anglický jazyk","Gymnázium 8 leté","Písemná práce",10,0,"64.7","85.0","6.5"
"Gymnázium. Jablonec nad Nisou. U Balvanu 16. příspěvková organizace","Anglický jazyk","Gymnázium 8 leté","Ústní zkouška",10,0,"64.7","78.4","6.6"
"Gymnázium. Jablonec nad Nisou. U Balvanu 16. příspěvková organizace","Český jazyk a literatura","Gymnázium 8 leté","Didaktický test",13,0,"100.0","81.5","9.1"
"Gymnázium. Jablonec nad Nisou. U Balvanu 16. příspěvková organizace","Český jazyk a literatura","Gymnázium 8 leté","Písemná práce",13,0,"100.0","84.4","8.3"
"Gymnázium. Jablonec nad Nisou. U Balvanu 16. příspěvková organizace","Český jazyk a literatura","Gymnázium 8 leté","Ústní zkouška",13,0,"100.0","73.9","4.9"
"Gymnázium. Jablonec nad Nisou. U Balvanu 16. příspěvková organizace","Matematika","Gymnázium 8 leté","Didaktický test",3,0,"35.3","71.8","20.0"
"Gymnázium. Mimoň. Letná 263. příspěvková organizace","Anglický jazyk","Gymnázium 8 leté","Didaktický test",14,0,"71.4","79.6","7.8"
"Gymnázium. Mimoň. Letná 263. příspěvková organizace","Anglický jazyk","Gymnázium 8 leté","Písemná práce",14,0,"71.4","79.5","9.8"
"Gymnázium. Mimoň. Letná 263. příspěvková organizace","Anglický jazyk","Gymnázium 8 leté","Ústní zkouška",14,0,"71.4","56.0","13.2"
"Gymnázium. Mimoň. Letná 263. příspěvková organizace","Český jazyk a literatura","Gymnázium 8 leté","Didaktický test",20,0,"100.0","75.7","10.6"
"Gymnázium. Mimoň. Letná 263. příspěvková organizace","Český jazyk a literatura","Gymnázium 8 leté","Písemná práce",20,0,"100.0","71.6","17.4"
"Gymnázium. Mimoň. Letná 263. příspěvková organizace","Český jazyk a literatura","Gymnázium 8 leté","Ústní zkouška",20,0,"100.0","48.4","17.5"
"Gymnázium. Mimoň. Letná 263. příspěvková organizace","Matematika","Gymnázium 8 leté","Didaktický test",6,0,"28.6","50.1","15.1"
"Gymnázium. Tanvald. Školní 305. příspěvková organizace","Anglický jazyk","Gymnázium 8 leté","Didaktický test",15,0,"94.1","75.4","11.6"
"Gymnázium. Tanvald. Školní 305. příspěvková organizace","Anglický jazyk","Gymnázium 8 leté","Písemná práce",15,0,"94.1","65.8","12.8"
"Gymnázium. Tanvald. Školní 305. příspěvková organizace","Anglický jazyk","Gymnázium 8 leté","Ústní zkouška",15,1,"94.1","64.2","19.7"
"Gymnázium. Tanvald. Školní 305. příspěvková organizace","Český jazyk a literatura","Gymnázium 8 leté","Didaktický test",16,0,"100.0","79.6","13.4"
"Gymnázium. Tanvald. Školní 305. příspěvková organizace","Český jazyk a literatura","Gymnázium 8 leté","Písemná práce",16,0,"100.0","54.3","14.2"
"Gymnázium. Tanvald. Školní 305. příspěvková organizace","Český jazyk a literatura","Gymnázium 8 leté","Ústní zkouška",16,1,"100.0","51.3","17.7"
"Gymnázium. Turnov. Jana Palacha 804. příspěvková organizace","Anglický jazyk","Gymnázium 8 leté","Didaktický test",22,0,"84.6","87.9","4.3"
"Gymnázium. Turnov. Jana Palacha 804. příspěvková organizace","Anglický jazyk","Gymnázium 8 leté","Písemná práce",22,0,"84.6","79.8","6.4"
"Gymnázium. Turnov. Jana Palacha 804. příspěvková organizace","Anglický jazyk","Gymnázium 8 leté","Ústní zkouška",22,0,"84.6","78.0","6.7"
"Gymnázium. Turnov. Jana Palacha 804. příspěvková organizace","Český jazyk a literatura","Gymnázium 8 leté","Didaktický test",26,0,"100.0","82.7","8.4"
"Gymnázium. Turnov. Jana Palacha 804. příspěvková organizace","Český jazyk a literatura","Gymnázium 8 leté","Písemná práce",26,0,"100.0","79.2","10.5"
"Gymnázium. Turnov. Jana Palacha 804. příspěvková organizace","Český jazyk a literatura","Gymnázium 8 leté","Ústní zkouška",26,0,"100.0","62.9","11.9"
"Podještědské gymnázium. s.r.o.","Anglický jazyk","Gymnázium 8 leté","Didaktický test",11,0,"50.0","74.6","8.4"
"Podještědské gymnázium. s.r.o.","Anglický jazyk","Gymnázium 8 leté","Písemná práce",11,0,"50.0","73.7","10.7"
"Podještědské gymnázium. s.r.o.","Anglický jazyk","Gymnázium 8 leté","Ústní zkouška",11,0,"50.0","39.2","11.9"
"Podještědské gymnázium. s.r.o.","Český jazyk a literatura","Gymnázium 8 leté","Didaktický test",22,1,"100.0","69.3","15.6"
"Podještědské gymnázium. s.r.o.","Český jazyk a literatura","Gymnázium 8 leté","Písemná práce",22,0,"100.0","63.0","14.0"
"Podještědské gymnázium. s.r.o.","Český jazyk a literatura","Gymnázium 8 leté","Ústní zkouška",22,6,"100.0","31.0","27.3"
"Podještědské gymnázium. s.r.o.","Matematika","Gymnázium 8 leté","Didaktický test",10,0,"45.5","61.0","15.0"
"Gymnázium a Střední odborná škola pedagogická. Liberec. Jeronýmova 425/27. příspěvková organizace","Anglický jazyk","Lyceum","Didaktický test",26,0,"90.0","58.1","10.5"
"Gymnázium a Střední odborná škola pedagogická. Liberec. Jeronýmova 425/27. příspěvková organizace","Anglický jazyk","Lyceum","Písemná práce",26,0,"90.0","62.3","10.0"
"Gymnázium a Střední odborná škola pedagogická. Liberec. Jeronýmova 425/27. příspěvková organizace","Anglický jazyk","Lyceum","Ústní zkouška",26,2,"90.0","38.7","20.5"
"Gymnázium a Střední odborná škola pedagogická. Liberec. Jeronýmova 425/27. příspěvková organizace","Český jazyk a literatura","Lyceum","Didaktický test",29,0,"100.0","65.7","12.9"
"Gymnázium a Střední odborná škola pedagogická. Liberec. Jeronýmova 425/27. příspěvková organizace","Český jazyk a literatura","Lyceum","Písemná práce",29,0,"100.0","46.9","14.6"
"Gymnázium a Střední odborná škola pedagogická. Liberec. Jeronýmova 425/27. příspěvková organizace","Český jazyk a literatura","Lyceum","Ústní zkouška",29,4,"100.0","49.8","31.8"
"Obchodní akademie a Jazyková škola s právem státní jazykové zkoušky. Liberec. Šamánkova 500/8. příspěvková organizace","Anglický jazyk","Lyceum","Didaktický test",15,0,"57.1","86.8","5.2"
"Obchodní akademie a Jazyková škola s právem státní jazykové zkoušky. Liberec. Šamánkova 500/8. příspěvková organizace","Anglický jazyk","Lyceum","Písemná práce",15,0,"57.1","85.1","3.7"
"Obchodní akademie a Jazyková škola s právem státní jazykové zkoušky. Liberec. Šamánkova 500/8. příspěvková organizace","Anglický jazyk","Lyceum","Ústní zkouška",15,0,"57.1","62.0","16.2"
"Obchodní akademie a Jazyková škola s právem státní jazykové zkoušky. Liberec. Šamánkova 500/8. příspěvková organizace","Český jazyk a literatura","Lyceum","Didaktický test",26,0,"100.0","70.9","9.9"
"Obchodní akademie a Jazyková škola s právem státní jazykové zkoušky. Liberec. Šamánkova 500/8. příspěvková organizace","Český jazyk a literatura","Lyceum","Písemná práce",26,0,"100.0","73.6","14.0"
"Obchodní akademie a Jazyková škola s právem státní jazykové zkoušky. Liberec. Šamánkova 500/8. příspěvková organizace","Český jazyk a literatura","Lyceum","Ústní zkouška",26,3,"100.0","63.2","29.6"
"Obchodní akademie a Jazyková škola s právem státní jazykové zkoušky. Liberec. Šamánkova 500/8. příspěvková organizace","Matematika","Lyceum","Didaktický test",11,1,"42.9","43.6","9.8"
"Obchodní akademie. Česká Lípa. náměstí Osvobození 422. příspěvková organizace","Anglický jazyk","Lyceum","Didaktický test",22,0,"100.0","58.9","13.1"
"Obchodní akademie. Česká Lípa. náměstí Osvobození 422. příspěvková organizace","Anglický jazyk","Lyceum","Písemná práce",22,0,"100.0","65.6","12.8"
"Obchodní akademie. Česká Lípa. náměstí Osvobození 422. příspěvková organizace","Anglický jazyk","Lyceum","Ústní zkouška",22,1,"100.0","50.9","20.3"
"Obchodní akademie. Česká Lípa. náměstí Osvobození 422. příspěvková organizace","Český jazyk a literatura","Lyceum","Didaktický test",22,1,"100.0","60.9","13.3"
"Obchodní akademie. Česká Lípa. náměstí Osvobození 422. příspěvková organizace","Český jazyk a literatura","Lyceum","Písemná práce",22,0,"100.0","46.5","18.1"
"Obchodní akademie. Česká Lípa. náměstí Osvobození 422. příspěvková organizace","Český jazyk a literatura","Lyceum","Ústní zkouška",22,1,"100.0","58.6","22.7"
"Střední průmyslová škola strojní a elektrotechnická a Vyšší odborná škola. Liberec 1. Masarykova 3. příspěvková organizace","Český jazyk a literatura","Lyceum","Didaktický test",24,0,"100.0","70.3","12.4"
"Střední průmyslová škola strojní a elektrotechnická a Vyšší odborná škola. Liberec 1. Masarykova 3. příspěvková organizace","Český jazyk a literatura","Lyceum","Písemná práce",24,0,"100.0","78.5","12.3"
"Střední průmyslová škola strojní a elektrotechnická a Vyšší odborná škola. Liberec 1. Masarykova 3. příspěvková organizace","Český jazyk a literatura","Lyceum","Ústní zkouška",24,0,"100.0","66.3","12.9"
"Střední průmyslová škola strojní a elektrotechnická a Vyšší odborná škola. Liberec 1. Masarykova 3. příspěvková organizace","Matematika","Lyceum","Didaktický test",24,1,"100.0","56.2","16.9"
"Střední průmyslová škola. Česká Lípa. Havlíčkova 426. příspěvková organizace","Anglický jazyk","Lyceum","Didaktický test",15,2,"81.8","52.2","17.7"
"Střední průmyslová škola. Česká Lípa. Havlíčkova 426. příspěvková organizace","Anglický jazyk","Lyceum","Písemná práce",15,1,"81.8","61.3","16.0"
"Střední průmyslová škola. Česká Lípa. Havlíčkova 426. příspěvková organizace","Anglický jazyk","Lyceum","Ústní zkouška",15,0,"81.8","69.9","12.1"
"Střední průmyslová škola. Česká Lípa. Havlíčkova 426. příspěvková organizace","Český jazyk a literatura","Lyceum","Didaktický test",18,2,"100.0","51.4","12.4"
"Střední průmyslová škola. Česká Lípa. Havlíčkova 426. příspěvková organizace","Český jazyk a literatura","Lyceum","Písemná práce",18,1,"100.0","42.8","16.7"
"Střední průmyslová škola. Česká Lípa. Havlíčkova 426. příspěvková organizace","Český jazyk a literatura","Lyceum","Ústní zkouška",18,0,"100.0","26.8","16.6"
"Střední průmyslová škola. Česká Lípa. Havlíčkova 426. příspěvková organizace","Matematika","Lyceum","Didaktický test",3,2,"18.2","27.2","12.9"
"Střední zdravotnická škola. Turnov. 28. října 1390. příspěvková organizace","Anglický jazyk","Lyceum","Didaktický test",11,0,"57.1","61.5","7.3"
"Střední zdravotnická škola. Turnov. 28. října 1390. příspěvková organizace","Anglický jazyk","Lyceum","Písemná práce",11,0,"57.1","58.2","10.3"
"Střední zdravotnická škola. Turnov. 28. října 1390. příspěvková organizace","Anglický jazyk","Lyceum","Ústní zkouška",11,0,"57.1","57.3","16.5"
"Střední zdravotnická škola. Turnov. 28. října 1390. příspěvková organizace","Český jazyk a literatura","Lyceum","Didaktický test",20,1,"100.0","57.6","13.5"
"Střední zdravotnická škola. Turnov. 28. října 1390. příspěvková organizace","Český jazyk a literatura","Lyceum","Písemná práce",20,0,"100.0","59.5","17.7"
"Střední zdravotnická škola. Turnov. 28. října 1390. příspěvková organizace","Český jazyk a literatura","Lyceum","Ústní zkouška",20,0,"100.0","45.5","16.6"
"Střední zdravotnická škola. Turnov. 28. října 1390. příspěvková organizace","Německý jazyk","Lyceum","Didaktický test",7,0,"33.3","55.7","11.9"
"Střední zdravotnická škola. Turnov. 28. října 1390. příspěvková organizace","Německý jazyk","Lyceum","Písemná práce",7,0,"33.3","49.2","13.4"
"Střední zdravotnická škola. Turnov. 28. října 1390. příspěvková organizace","Německý jazyk","Lyceum","Ústní zkouška",7,0,"33.3","57.3","10.2"
"Základní škola a Střední škola waldorfská. Semily","Anglický jazyk","Lyceum","Didaktický test",14,0,"83.3","77.5","9.4"
"Základní škola a Střední škola waldorfská. Semily","Anglický jazyk","Lyceum","Písemná práce",14,0,"83.3","50.9","7.6"
"Základní škola a Střední škola waldorfská. Semily","Anglický jazyk","Lyceum","Ústní zkouška",14,0,"83.3","53.1","15.2"
"Základní škola a Střední škola waldorfská. Semily","Český jazyk a literatura","Lyceum","Didaktický test",17,1,"100.0","70.0","11.6"
"Základní škola a Střední škola waldorfská. Semily","Český jazyk a literatura","Lyceum","Písemná práce",17,0,"100.0","67.9","15.5"
"Základní škola a Střední škola waldorfská. Semily","Český jazyk a literatura","Lyceum","Ústní zkouška",17,2,"100.0","51.0","27.6"
"Masarykova základní škola a Obchodní akademie Tanvald","Anglický jazyk","SOŠ ekonomické","Didaktický test",20,2,"100.0","46.9","17.5"
"Masarykova základní škola a Obchodní akademie Tanvald","Anglický jazyk","SOŠ ekonomické","Písemná práce",20,2,"100.0","45.7","21.2"
"Masarykova základní škola a Obchodní akademie Tanvald","Anglický jazyk","SOŠ ekonomické","Ústní zkouška",20,2,"100.0","35.2","17.8"
"Masarykova základní škola a Obchodní akademie Tanvald","Český jazyk a literatura","SOŠ ekonomické","Didaktický test",20,9,"100.0","31.0","13.5"
"Masarykova základní škola a Obchodní akademie Tanvald","Český jazyk a literatura","SOŠ ekonomické","Písemná práce",21,1,"100.0","39.8","16.0"
"Masarykova základní škola a Obchodní akademie Tanvald","Český jazyk a literatura","SOŠ ekonomické","Ústní zkouška",20,3,"100.0","26.8","21.6"
"Obchodní akademie a Jazyková škola s právem státní jazykové zkoušky. Liberec. Šamánkova 500/8. příspěvková organizace","Anglický jazyk","SOŠ ekonomické","Didaktický test",33,0,"80.4","72.3","12.7"
"Obchodní akademie a Jazyková škola s právem státní jazykové zkoušky. Liberec. Šamánkova 500/8. příspěvková organizace","Anglický jazyk","SOŠ ekonomické","Písemná práce",33,0,"80.4","72.2","8.8"
"Obchodní akademie a Jazyková škola s právem státní jazykové zkoušky. Liberec. Šamánkova 500/8. příspěvková organizace","Anglický jazyk","SOŠ ekonomické","Ústní zkouška",33,1,"80.4","54.8","18.3"
"Obchodní akademie a Jazyková škola s právem státní jazykové zkoušky. Liberec. Šamánkova 500/8. příspěvková organizace","Český jazyk a literatura","SOŠ ekonomické","Didaktický test",42,4,"100.0","58.4","14.2"
"Obchodní akademie a Jazyková škola s právem státní jazykové zkoušky. Liberec. Šamánkova 500/8. příspěvková organizace","Český jazyk a literatura","SOŠ ekonomické","Písemná práce",42,0,"100.0","63.3","12.0"
"Obchodní akademie a Jazyková škola s právem státní jazykové zkoušky. Liberec. Šamánkova 500/8. příspěvková organizace","Český jazyk a literatura","SOŠ ekonomické","Ústní zkouška",42,4,"100.0","38.9","23.0"
"Obchodní akademie a Jazyková škola s právem státní jazykové zkoušky. Liberec. Šamánkova 500/8. příspěvková organizace","Matematika","SOŠ ekonomické","Didaktický test",9,1,"19.6","43.2","16.7"
"Obchodní akademie. Česká Lípa. náměstí Osvobození 422. příspěvková organizace","Anglický jazyk","SOŠ ekonomické","Didaktický test",20,1,"91.3","43.7","15.0"
"Obchodní akademie. Česká Lípa. náměstí Osvobození 422. příspěvková organizace","Anglický jazyk","SOŠ ekonomické","Písemná práce",20,2,"91.3","46.4","17.0"
"Obchodní akademie. Česká Lípa. náměstí Osvobození 422. příspěvková organizace","Anglický jazyk","SOŠ ekonomické","Ústní zkouška",20,0,"91.3","45.0","17.3"
"Obchodní akademie. Česká Lípa. náměstí Osvobození 422. příspěvková organizace","Český jazyk a literatura","SOŠ ekonomické","Didaktický test",21,1,"100.0","43.2","10.9"
"Obchodní akademie. Česká Lípa. náměstí Osvobození 422. příspěvková organizace","Český jazyk a literatura","SOŠ ekonomické","Písemná práce",21,0,"100.0","39.1","11.2"
"Obchodní akademie. Česká Lípa. náměstí Osvobození 422. příspěvková organizace","Český jazyk a literatura","SOŠ ekonomické","Ústní zkouška",21,0,"100.0","50.7","14.9"
"Obchodní akademie. Hotelová škola a Střední odborná škola. Turnov. Zborovská 519. příspěvková organizace","Anglický jazyk","SOŠ ekonomické","Didaktický test",18,1,"94.7","46.1","16.4"
"Obchodní akademie. Hotelová škola a Střední odborná škola. Turnov. Zborovská 519. příspěvková organizace","Anglický jazyk","SOŠ ekonomické","Písemná práce",18,1,"94.7","57.6","20.8"
"Obchodní akademie. Hotelová škola a Střední odborná škola. Turnov. Zborovská 519. příspěvková organizace","Anglický jazyk","SOŠ ekonomické","Ústní zkouška",18,2,"94.7","37.5","21.7"
"Obchodní akademie. Hotelová škola a Střední odborná škola. Turnov. Zborovská 519. příspěvková organizace","Český jazyk a literatura","SOŠ ekonomické","Didaktický test",19,3,"100.0","47.8","15.3"
"Obchodní akademie. Hotelová škola a Střední odborná škola. Turnov. Zborovská 519. příspěvková organizace","Český jazyk a literatura","SOŠ ekonomické","Písemná práce",19,0,"100.0","47.8","14.7"
"Obchodní akademie. Hotelová škola a Střední odborná škola. Turnov. Zborovská 519. příspěvková organizace","Český jazyk a literatura","SOŠ ekonomické","Ústní zkouška",19,3,"100.0","38.5","30.0"
"Střední odborná škola obchodní s. r. o. se sídlem Liberec 6. Broumovská 839","Anglický jazyk","SOŠ ekonomické","Didaktický test",26,1,"72.3","56.8","14.4"
"Střední odborná škola obchodní s. r. o. se sídlem Liberec 6. Broumovská 839","Anglický jazyk","SOŠ ekonomické","Písemná práce",26,0,"72.3","54.8","13.7"
"Střední odborná škola obchodní s. r. o. se sídlem Liberec 6. Broumovská 839","Anglický jazyk","SOŠ ekonomické","Ústní zkouška",26,0,"72.3","28.9","14.6"
"Střední odborná škola obchodní s. r. o. se sídlem Liberec 6. Broumovská 839","Český jazyk a literatura","SOŠ ekonomické","Didaktický test",38,2,"100.0","46.0","10.4"
"Střední odborná škola obchodní s. r. o. se sídlem Liberec 6. Broumovská 839","Český jazyk a literatura","SOŠ ekonomické","Písemná práce",38,1,"100.0","38.1","14.6"
"Střední odborná škola obchodní s. r. o. se sídlem Liberec 6. Broumovská 839","Český jazyk a literatura","SOŠ ekonomické","Ústní zkouška",38,1,"100.0","58.1","20.2"
"Střední odborná škola obchodní s. r. o. se sídlem Liberec 6. Broumovská 839","Německý jazyk","SOŠ ekonomické","Didaktický test",9,0,"19.1","77.0","5.9"
"Střední odborná škola obchodní s. r. o. se sídlem Liberec 6. Broumovská 839","Německý jazyk","SOŠ ekonomické","Písemná práce",9,1,"19.1","55.3","19.5"
"Střední odborná škola obchodní s. r. o. se sídlem Liberec 6. Broumovská 839","Německý jazyk","SOŠ ekonomické","Ústní zkouška",9,0,"19.1","52.8","16.3"
"Vyšší odborná škola mezinárodního obchodu a Obchodní akademie. Jablonec nad Nisou. Horní náměstí 15. příspěvková organizace","Anglický jazyk","SOŠ ekonomické","Didaktický test",54,1,"89.6","64.2","15.5"
"Vyšší odborná škola mezinárodního obchodu a Obchodní akademie. Jablonec nad Nisou. Horní náměstí 15. příspěvková organizace","Anglický jazyk","SOŠ ekonomické","Písemná práce",54,0,"89.6","69.5","9.8"
"Vyšší odborná škola mezinárodního obchodu a Obchodní akademie. Jablonec nad Nisou. Horní náměstí 15. příspěvková organizace","Anglický jazyk","SOŠ ekonomické","Ústní zkouška",54,4,"89.6","45.2","22.0"
"Vyšší odborná škola mezinárodního obchodu a Obchodní akademie. Jablonec nad Nisou. Horní náměstí 15. příspěvková organizace","Český jazyk a literatura","SOŠ ekonomické","Didaktický test",59,1,"100.0","58.5","11.6"
"Vyšší odborná škola mezinárodního obchodu a Obchodní akademie. Jablonec nad Nisou. Horní náměstí 15. příspěvková organizace","Český jazyk a literatura","SOŠ ekonomické","Písemná práce",59,1,"100.0","55.1","15.3"
"Vyšší odborná škola mezinárodního obchodu a Obchodní akademie. Jablonec nad Nisou. Horní náměstí 15. příspěvková organizace","Český jazyk a literatura","SOŠ ekonomické","Ústní zkouška",59,4,"100.0","33.5","17.2"
"Vyšší odborná škola mezinárodního obchodu a Obchodní akademie. Jablonec nad Nisou. Horní náměstí 15. příspěvková organizace","Matematika","SOŠ ekonomické","Didaktický test",5,4,"10.4","14.1","14.4"
"Euroškola Česká Lípa střední odborná škola s.r.o.","Anglický jazyk","SOŠ hotelové a podnikatelské","Didaktický test",34,9,"87.8","33.1","17.6"
"Euroškola Česká Lípa střední odborná škola s.r.o.","Anglický jazyk","SOŠ hotelové a podnikatelské","Písemná práce",34,5,"87.8","27.7","16.9"
"Euroškola Česká Lípa střední odborná škola s.r.o.","Anglický jazyk","SOŠ hotelové a podnikatelské","Ústní zkouška",34,4,"87.8","30.8","19.9"
"Euroškola Česká Lípa střední odborná škola s.r.o.","Český jazyk a literatura","SOŠ hotelové a podnikatelské","Didaktický test",39,8,"100.0","38.0","13.6"
"Euroškola Česká Lípa střední odborná škola s.r.o.","Český jazyk a literatura","SOŠ hotelové a podnikatelské","Písemná práce",39,1,"100.0","42.7","15.4"
"Euroškola Česká Lípa střední odborná škola s.r.o.","Český jazyk a literatura","SOŠ hotelové a podnikatelské","Ústní zkouška",39,5,"100.0","27.5","20.1"
"Euroškola Česká Lípa střední odborná škola s.r.o.","Německý jazyk","SOŠ hotelové a podnikatelské","Didaktický test",5,1,"10.2","49.2","27.4"
"Euroškola Česká Lípa střední odborná škola s.r.o.","Německý jazyk","SOŠ hotelové a podnikatelské","Písemná práce",4,0,"10.2","57.1","7.9"
"Euroškola Česká Lípa střední odborná škola s.r.o.","Německý jazyk","SOŠ hotelové a podnikatelské","Ústní zkouška",5,1,"10.2","51.8","32.0"
"Obchodní akademie. Hotelová škola a Střední odborná škola. Turnov. Zborovská 519. příspěvková organizace","Anglický jazyk","SOŠ hotelové a podnikatelské","Didaktický test",34,0,"94.7","54.1","14.2"
"Obchodní akademie. Hotelová škola a Střední odborná škola. Turnov. Zborovská 519. příspěvková organizace","Anglický jazyk","SOŠ hotelové a podnikatelské","Písemná práce",34,0,"94.7","64.0","11.1"
"Obchodní akademie. Hotelová škola a Střední odborná škola. Turnov. Zborovská 519. příspěvková organizace","Anglický jazyk","SOŠ hotelové a podnikatelské","Ústní zkouška",34,3,"94.7","40.8","20.7"
"Obchodní akademie. Hotelová škola a Střední odborná škola. Turnov. Zborovská 519. příspěvková organizace","Český jazyk a literatura","SOŠ hotelové a podnikatelské","Didaktický test",36,2,"100.0","50.5","12.6"
"Obchodní akademie. Hotelová škola a Střední odborná škola. Turnov. Zborovská 519. příspěvková organizace","Český jazyk a literatura","SOŠ hotelové a podnikatelské","Písemná práce",36,0,"100.0","43.2","13.0"
"Obchodní akademie. Hotelová škola a Střední odborná škola. Turnov. Zborovská 519. příspěvková organizace","Český jazyk a literatura","SOŠ hotelové a podnikatelské","Ústní zkouška",36,0,"100.0","38.2","16.7"
"Soukromá podnikatelská střední škola Česká Lípa s.r.o.","Anglický jazyk","SOŠ hotelové a podnikatelské","Didaktický test",19,1,"95.2","51.7","12.3"
"Soukromá podnikatelská střední škola Česká Lípa s.r.o.","Anglický jazyk","SOŠ hotelové a podnikatelské","Písemná práce",19,1,"95.2","53.9","22.6"
"Soukromá podnikatelská střední škola Česká Lípa s.r.o.","Anglický jazyk","SOŠ hotelové a podnikatelské","Ústní zkouška",18,1,"95.2","50.3","23.6"
"Soukromá podnikatelská střední škola Česká Lípa s.r.o.","Český jazyk a literatura","SOŠ hotelové a podnikatelské","Didaktický test",19,4,"100.0","39.7","13.9"
"Soukromá podnikatelská střední škola Česká Lípa s.r.o.","Český jazyk a literatura","SOŠ hotelové a podnikatelské","Písemná práce",19,1,"100.0","30.5","14.5"
"Soukromá podnikatelská střední škola Česká Lípa s.r.o.","Český jazyk a literatura","SOŠ hotelové a podnikatelské","Ústní zkouška",18,3,"100.0","35.5","30.5"
"Střední odborná škola a Střední odborné učiliště. Česká Lípa. 28. října 2707. příspěvková organizace","Anglický jazyk","SOŠ hotelové a podnikatelské","Didaktický test",9,4,"83.3","16.5","17.1"
"Střední odborná škola a Střední odborné učiliště. Česká Lípa. 28. října 2707. příspěvková organizace","Anglický jazyk","SOŠ hotelové a podnikatelské","Písemná práce",9,3,"83.3","19.7","17.8"
"Střední odborná škola a Střední odborné učiliště. Česká Lípa. 28. října 2707. příspěvková organizace","Anglický jazyk","SOŠ hotelové a podnikatelské","Ústní zkouška",9,1,"83.3","37.4","25.1"
"Střední odborná škola a Střední odborné učiliště. Česká Lípa. 28. října 2707. příspěvková organizace","Český jazyk a literatura","SOŠ hotelové a podnikatelské","Didaktický test",11,7,"100.0","25.3","13.0"
"Střední odborná škola a Střední odborné učiliště. Česká Lípa. 28. října 2707. příspěvková organizace","Český jazyk a literatura","SOŠ hotelové a podnikatelské","Písemná práce",11,2,"100.0","30.5","15.8"
"Střední odborná škola a Střední odborné učiliště. Česká Lípa. 28. října 2707. příspěvková organizace","Český jazyk a literatura","SOŠ hotelové a podnikatelské","Ústní zkouška",11,1,"100.0","40.7","21.2"
"Střední škola gastronomie a služeb. Liberec. Dvorská 447/29. příspěvková organizace","Anglický jazyk","SOŠ hotelové a podnikatelské","Didaktický test",21,1,"88.9","48.1","15.8"
"Střední škola gastronomie a služeb. Liberec. Dvorská 447/29. příspěvková organizace","Anglický jazyk","SOŠ hotelové a podnikatelské","Písemná práce",21,0,"88.9","55.7","11.5"
"Střední škola gastronomie a služeb. Liberec. Dvorská 447/29. příspěvková organizace","Anglický jazyk","SOŠ hotelové a podnikatelské","Ústní zkouška",20,0,"88.9","38.0","17.4"
"Střední škola gastronomie a služeb. Liberec. Dvorská 447/29. příspěvková organizace","Český jazyk a literatura","SOŠ hotelové a podnikatelské","Didaktický test",23,3,"100.0","36.4","9.8"
"Střední škola gastronomie a služeb. Liberec. Dvorská 447/29. příspěvková organizace","Český jazyk a literatura","SOŠ hotelové a podnikatelské","Písemná práce",23,1,"100.0","45.8","16.0"
"Střední škola gastronomie a služeb. Liberec. Dvorská 447/29. příspěvková organizace","Český jazyk a literatura","SOŠ hotelové a podnikatelské","Ústní zkouška",22,1,"100.0","39.9","17.8"
"Střední škola. Lomnice nad Popelkou. Antala Staška 213. příspěvková organizace","Anglický jazyk","SOŠ hotelové a podnikatelské","Didaktický test",16,5,"88.9","31.8","19.9"
"Střední škola. Lomnice nad Popelkou. Antala Staška 213. příspěvková organizace","Anglický jazyk","SOŠ hotelové a podnikatelské","Písemná práce",16,0,"88.9","62.5","13.9"
"Střední škola. Lomnice nad Popelkou. Antala Staška 213. příspěvková organizace","Anglický jazyk","SOŠ hotelové a podnikatelské","Ústní zkouška",16,3,"88.9","26.0","19.1"
"Střední škola. Lomnice nad Popelkou. Antala Staška 213. příspěvková organizace","Český jazyk a literatura","SOŠ hotelové a podnikatelské","Didaktický test",18,6,"100.0","33.6","10.8"
"Střední škola. Lomnice nad Popelkou. Antala Staška 213. příspěvková organizace","Český jazyk a literatura","SOŠ hotelové a podnikatelské","Písemná práce",18,0,"100.0","38.9","7.7"
"Střední škola. Lomnice nad Popelkou. Antala Staška 213. příspěvková organizace","Český jazyk a literatura","SOŠ hotelové a podnikatelské","Ústní zkouška",17,2,"100.0","31.7","24.2"
"Gymnázium a Střední odborná škola pedagogická. Liberec. Jeronýmova 425/27. příspěvková organizace","Anglický jazyk","SOŠ pedagogické a humanitní","Didaktický test",15,0,"53.6","48.5","14.3"
"Gymnázium a Střední odborná škola pedagogická. Liberec. Jeronýmova 425/27. příspěvková organizace","Anglický jazyk","SOŠ pedagogické a humanitní","Písemná práce",15,1,"53.6","50.6","16.6"
"Gymnázium a Střední odborná škola pedagogická. Liberec. Jeronýmova 425/27. příspěvková organizace","Anglický jazyk","SOŠ pedagogické a humanitní","Ústní zkouška",15,2,"53.6","37.0","22.8"
"Gymnázium a Střední odborná škola pedagogická. Liberec. Jeronýmova 425/27. příspěvková organizace","Český jazyk a literatura","SOŠ pedagogické a humanitní","Didaktický test",28,0,"100.0","70.6","12.1"
"Gymnázium a Střední odborná škola pedagogická. Liberec. Jeronýmova 425/27. příspěvková organizace","Český jazyk a literatura","SOŠ pedagogické a humanitní","Písemná práce",27,2,"100.0","51.3","16.6"
"Gymnázium a Střední odborná škola pedagogická. Liberec. Jeronýmova 425/27. příspěvková organizace","Český jazyk a literatura","SOŠ pedagogické a humanitní","Ústní zkouška",27,3,"100.0","49.1","26.0"
"Gymnázium a Střední odborná škola pedagogická. Liberec. Jeronýmova 425/27. příspěvková organizace","Německý jazyk","SOŠ pedagogické a humanitní","Didaktický test",10,0,"35.7","66.5","8.6"
"Gymnázium a Střední odborná škola pedagogická. Liberec. Jeronýmova 425/27. příspěvková organizace","Německý jazyk","SOŠ pedagogické a humanitní","Písemná práce",10,0,"35.7","59.5","9.8"
"Gymnázium a Střední odborná škola pedagogická. Liberec. Jeronýmova 425/27. příspěvková organizace","Německý jazyk","SOŠ pedagogické a humanitní","Ústní zkouška",10,0,"35.7","57.5","12.9"
"Gymnázium a Střední odborná škola. Jilemnice. Tkalcovská 460. příspěvková organizace","Anglický jazyk","SOŠ pedagogické a humanitní","Didaktický test",4,1,"75.0","26.0","12.5"
"Gymnázium a Střední odborná škola. Jilemnice. Tkalcovská 460. příspěvková organizace","Anglický jazyk","SOŠ pedagogické a humanitní","Písemná práce",4,0,"75.0","63.0","9.5"
"Gymnázium a Střední odborná škola. Jilemnice. Tkalcovská 460. příspěvková organizace","Anglický jazyk","SOŠ pedagogické a humanitní","Ústní zkouška",5,0,"75.0","31.0","12.7"
"Gymnázium a Střední odborná škola. Jilemnice. Tkalcovská 460. příspěvková organizace","Český jazyk a literatura","SOŠ pedagogické a humanitní","Didaktický test",6,2,"100.0","33.1","9.3"
"Gymnázium a Střední odborná škola. Jilemnice. Tkalcovská 460. příspěvková organizace","Český jazyk a literatura","SOŠ pedagogické a humanitní","Písemná práce",7,0,"100.0","45.4","12.8"
"Gymnázium a Střední odborná škola. Jilemnice. Tkalcovská 460. příspěvková organizace","Český jazyk a literatura","SOŠ pedagogické a humanitní","Ústní zkouška",7,2,"100.0","36.4","32.4"
"Obchodní akademie a Jazyková škola s právem státní jazykové zkoušky. Liberec. Šamánkova 500/8. příspěvková organizace","Anglický jazyk","SOŠ pedagogické a humanitní","Didaktický test",27,0,"100.0","65.1","14.9"
"Obchodní akademie a Jazyková škola s právem státní jazykové zkoušky. Liberec. Šamánkova 500/8. příspěvková organizace","Anglický jazyk","SOŠ pedagogické a humanitní","Písemná práce",27,0,"100.0","68.8","10.8"
"Obchodní akademie a Jazyková škola s právem státní jazykové zkoušky. Liberec. Šamánkova 500/8. příspěvková organizace","Anglický jazyk","SOŠ pedagogické a humanitní","Ústní zkouška",27,0,"100.0","56.0","15.5"
"Obchodní akademie a Jazyková škola s právem státní jazykové zkoušky. Liberec. Šamánkova 500/8. příspěvková organizace","Český jazyk a literatura","SOŠ pedagogické a humanitní","Didaktický test",27,2,"100.0","59.7","13.7"
"Obchodní akademie a Jazyková škola s právem státní jazykové zkoušky. Liberec. Šamánkova 500/8. příspěvková organizace","Český jazyk a literatura","SOŠ pedagogické a humanitní","Písemná práce",27,0,"100.0","58.2","13.9"
"Obchodní akademie a Jazyková škola s právem státní jazykové zkoušky. Liberec. Šamánkova 500/8. příspěvková organizace","Český jazyk a literatura","SOŠ pedagogické a humanitní","Ústní zkouška",27,1,"100.0","44.7","18.1"
"Obchodní akademie. Česká Lípa. náměstí Osvobození 422. příspěvková organizace","Anglický jazyk","SOŠ pedagogické a humanitní","Didaktický test",16,1,"91.3","45.4","17.3"
"Obchodní akademie. Česká Lípa. náměstí Osvobození 422. příspěvková organizace","Anglický jazyk","SOŠ pedagogické a humanitní","Písemná práce",16,0,"91.3","47.1","13.0"
"Obchodní akademie. Česká Lípa. náměstí Osvobození 422. příspěvková organizace","Anglický jazyk","SOŠ pedagogické a humanitní","Ústní zkouška",16,1,"91.3","46.1","12.5"
"Obchodní akademie. Česká Lípa. náměstí Osvobození 422. příspěvková organizace","Český jazyk a literatura","SOŠ pedagogické a humanitní","Didaktický test",18,2,"100.0","51.8","11.8"
"Obchodní akademie. Česká Lípa. náměstí Osvobození 422. příspěvková organizace","Český jazyk a literatura","SOŠ pedagogické a humanitní","Písemná práce",18,0,"100.0","35.6","10.7"
"Obchodní akademie. Česká Lípa. náměstí Osvobození 422. příspěvková organizace","Český jazyk a literatura","SOŠ pedagogické a humanitní","Ústní zkouška",18,4,"100.0","34.1","28.0"
"Střední odborné učiliště nábytkářské a střední odborná škola. s.r.o.","Anglický jazyk","SOŠ pedagogické a humanitní","Didaktický test",18,0,"86.4","49.6","12.0"
"Střední odborné učiliště nábytkářské a střední odborná škola. s.r.o.","Anglický jazyk","SOŠ pedagogické a humanitní","Písemná práce",18,1,"86.4","54.1","18.3"
"Střední odborné učiliště nábytkářské a střední odborná škola. s.r.o.","Anglický jazyk","SOŠ pedagogické a humanitní","Ústní zkouška",18,1,"86.4","51.4","20.3"
"Střední odborné učiliště nábytkářské a střední odborná škola. s.r.o.","Český jazyk a literatura","SOŠ pedagogické a humanitní","Didaktický test",21,0,"100.0","58.7","10.7"
"Střední odborné učiliště nábytkářské a střední odborná škola. s.r.o.","Český jazyk a literatura","SOŠ pedagogické a humanitní","Písemná práce",21,0,"100.0","51.6","14.6"
"Střední odborné učiliště nábytkářské a střední odborná škola. s.r.o.","Český jazyk a literatura","SOŠ pedagogické a humanitní","Ústní zkouška",21,1,"100.0","47.6","15.4"
"Střední škola hospodářská a lesnická. Frýdlant. Bělíkova 1387. příspěvková organizace","Anglický jazyk","SOŠ pedagogické a humanitní","Didaktický test",7,1,"100.0","56.6","17.5"
"Střední škola hospodářská a lesnická. Frýdlant. Bělíkova 1387. příspěvková organizace","Anglický jazyk","SOŠ pedagogické a humanitní","Písemná práce",7,0,"100.0","50.8","15.6"
"Střední škola hospodářská a lesnická. Frýdlant. Bělíkova 1387. příspěvková organizace","Anglický jazyk","SOŠ pedagogické a humanitní","Ústní zkouška",7,0,"100.0","32.7","12.0"
"Střední škola hospodářská a lesnická. Frýdlant. Bělíkova 1387. příspěvková organizace","Český jazyk a literatura","SOŠ pedagogické a humanitní","Didaktický test",7,1,"100.0","49.0","15.7"
"Střední škola hospodářská a lesnická. Frýdlant. Bělíkova 1387. příspěvková organizace","Český jazyk a literatura","SOŠ pedagogické a humanitní","Písemná práce",7,0,"100.0","36.8","9.2"
"Střední škola hospodářská a lesnická. Frýdlant. Bělíkova 1387. příspěvková organizace","Český jazyk a literatura","SOŠ pedagogické a humanitní","Ústní zkouška",7,1,"100.0","28.3","29.3"
"Střední škola právní - Právní akademie. s.r.o.","Anglický jazyk","SOŠ pedagogické a humanitní","Didaktický test",56,0,"93.3","56.7","12.8"
"Střední škola právní - Právní akademie. s.r.o.","Anglický jazyk","SOŠ pedagogické a humanitní","Písemná práce",56,0,"93.3","51.9","11.1"
"Střední škola právní - Právní akademie. s.r.o.","Anglický jazyk","SOŠ pedagogické a humanitní","Ústní zkouška",56,0,"93.3","44.8","16.4"
"Střední škola právní - Právní akademie. s.r.o.","Český jazyk a literatura","SOŠ pedagogické a humanitní","Didaktický test",57,9,"100.0","47.7","14.4"
"Střední škola právní - Právní akademie. s.r.o.","Český jazyk a literatura","SOŠ pedagogické a humanitní","Písemná práce",58,1,"100.0","49.8","15.1"
"Střední škola právní - Právní akademie. s.r.o.","Český jazyk a literatura","SOŠ pedagogické a humanitní","Ústní zkouška",57,1,"100.0","40.0","18.7"
"Vyšší odborná škola sklářská a Střední škola. Nový Bor. Wolkerova 316. příspěvková organizace","Anglický jazyk","SOŠ pedagogické a humanitní","Didaktický test",22,4,"93.3","34.1","15.4"
"Vyšší odborná škola sklářská a Střední škola. Nový Bor. Wolkerova 316. příspěvková organizace","Anglický jazyk","SOŠ pedagogické a humanitní","Písemná práce",22,0,"93.3","36.7","11.4"
"Vyšší odborná škola sklářská a Střední škola. Nový Bor. Wolkerova 316. příspěvková organizace","Anglický jazyk","SOŠ pedagogické a humanitní","Ústní zkouška",22,5,"93.3","19.6","16.2"
"Vyšší odborná škola sklářská a Střední škola. Nový Bor. Wolkerova 316. příspěvková organizace","Český jazyk a literatura","SOŠ pedagogické a humanitní","Didaktický test",23,3,"100.0","42.5","14.8"
"Vyšší odborná škola sklářská a Střední škola. Nový Bor. Wolkerova 316. příspěvková organizace","Český jazyk a literatura","SOŠ pedagogické a humanitní","Písemná práce",23,0,"100.0","32.4","9.8"
"Vyšší odborná škola sklářská a Střední škola. Nový Bor. Wolkerova 316. příspěvková organizace","Český jazyk a literatura","SOŠ pedagogické a humanitní","Ústní zkouška",23,0,"100.0","44.3","16.3"
"Gymnázium a Střední odborná škola. Jilemnice. Tkalcovská 460. příspěvková organizace","Český jazyk a literatura","SOŠ technické 1","Didaktický test",4,0,"100.0","50.5","8.1"
"Gymnázium a Střední odborná škola. Jilemnice. Tkalcovská 460. příspěvková organizace","Český jazyk a literatura","SOŠ technické 1","Písemná práce",4,0,"100.0","31.8","17.1"
"Gymnázium a Střední odborná škola. Jilemnice. Tkalcovská 460. příspěvková organizace","Český jazyk a literatura","SOŠ technické 1","Ústní zkouška",4,0,"100.0","46.0","19.6"
"Gymnázium a Střední odborná škola. Jilemnice. Tkalcovská 460. příspěvková organizace","Matematika","SOŠ technické 1","Didaktický test",4,1,"100.0","43.4","21.6"
"Obchodní akademie. Hotelová škola a Střední odborná škola. Turnov. Zborovská 519. příspěvková organizace","Anglický jazyk","SOŠ technické 1","Didaktický test",8,0,"72.7","53.8","12.7"
"Obchodní akademie. Hotelová škola a Střední odborná škola. Turnov. Zborovská 519. příspěvková organizace","Anglický jazyk","SOŠ technické 1","Písemná práce",8,0,"72.7","67.5","8.0"
"Obchodní akademie. Hotelová škola a Střední odborná škola. Turnov. Zborovská 519. příspěvková organizace","Anglický jazyk","SOŠ technické 1","Ústní zkouška",8,0,"72.7","33.4","16.5"
"Obchodní akademie. Hotelová škola a Střední odborná škola. Turnov. Zborovská 519. příspěvková organizace","Český jazyk a literatura","SOŠ technické 1","Didaktický test",11,1,"100.0","40.6","6.4"
"Obchodní akademie. Hotelová škola a Střední odborná škola. Turnov. Zborovská 519. příspěvková organizace","Český jazyk a literatura","SOŠ technické 1","Písemná práce",11,1,"100.0","37.4","13.6"
"Obchodní akademie. Hotelová škola a Střední odborná škola. Turnov. Zborovská 519. příspěvková organizace","Český jazyk a literatura","SOŠ technické 1","Ústní zkouška",11,1,"100.0","33.4","17.8"
"Střední průmyslová škola stavební. Liberec 1. Sokolovské náměstí 14. příspěvková organizace","Anglický jazyk","SOŠ technické 1","Didaktický test",28,0,"49.3","64.9","11.3"
"Střední průmyslová škola stavební. Liberec 1. Sokolovské náměstí 14. příspěvková organizace","Anglický jazyk","SOŠ technické 1","Písemná práce",28,1,"49.3","56.0","11.8"
"Střední průmyslová škola stavební. Liberec 1. Sokolovské náměstí 14. příspěvková organizace","Anglický jazyk","SOŠ technické 1","Ústní zkouška",27,10,"49.3","17.1","17.0"
"Střední průmyslová škola stavební. Liberec 1. Sokolovské náměstí 14. příspěvková organizace","Český jazyk a literatura","SOŠ technické 1","Didaktický test",59,7,"100.0","39.4","11.4"
"Střední průmyslová škola stavební. Liberec 1. Sokolovské náměstí 14. příspěvková organizace","Český jazyk a literatura","SOŠ technické 1","Písemná práce",59,5,"100.0","31.7","17.9"
"Střední průmyslová škola stavební. Liberec 1. Sokolovské náměstí 14. příspěvková organizace","Český jazyk a literatura","SOŠ technické 1","Ústní zkouška",58,3,"100.0","47.0","21.5"
"Střední průmyslová škola stavební. Liberec 1. Sokolovské náměstí 14. příspěvková organizace","Matematika","SOŠ technické 1","Didaktický test",30,4,"49.3","48.5","16.9"
"Střední průmyslová škola strojní a elektrotechnická a Vyšší odborná škola. Liberec 1. Masarykova 3. příspěvková organizace","Anglický jazyk","SOŠ technické 1","Didaktický test",54,0,"45.1","69.6","11.3"
"Střední průmyslová škola strojní a elektrotechnická a Vyšší odborná škola. Liberec 1. Masarykova 3. příspěvková organizace","Anglický jazyk","SOŠ technické 1","Písemná práce",54,0,"45.1","62.0","9.4"
"Střední průmyslová škola strojní a elektrotechnická a Vyšší odborná škola. Liberec 1. Masarykova 3. příspěvková organizace","Anglický jazyk","SOŠ technické 1","Ústní zkouška",54,0,"45.1","52.5","15.4"
"Střední průmyslová škola strojní a elektrotechnická a Vyšší odborná škola. Liberec 1. Masarykova 3. příspěvková organizace","Český jazyk a literatura","SOŠ technické 1","Didaktický test",120,6,"100.0","54.4","12.2"
"Střední průmyslová škola strojní a elektrotechnická a Vyšší odborná škola. Liberec 1. Masarykova 3. příspěvková organizace","Český jazyk a literatura","SOŠ technické 1","Písemná práce",120,3,"100.0","43.2","15.2"
"Střední průmyslová škola strojní a elektrotechnická a Vyšší odborná škola. Liberec 1. Masarykova 3. příspěvková organizace","Český jazyk a literatura","SOŠ technické 1","Ústní zkouška",120,10,"100.0","40.7","24.1"
"Střední průmyslová škola strojní a elektrotechnická a Vyšší odborná škola. Liberec 1. Masarykova 3. příspěvková organizace","Matematika","SOŠ technické 1","Didaktický test",66,9,"54.9","50.7","20.5"
"Střední průmyslová škola technická. Jablonec nad Nisou. Belgická 4852. příspěvková organizace","Anglický jazyk","SOŠ technické 1","Didaktický test",8,0,"73.9","58.7","14.0"
"Střední průmyslová škola technická. Jablonec nad Nisou. Belgická 4852. příspěvková organizace","Anglický jazyk","SOŠ technické 1","Písemná práce",8,0,"73.9","61.9","8.0"
"Střední průmyslová škola technická. Jablonec nad Nisou. Belgická 4852. příspěvková organizace","Anglický jazyk","SOŠ technické 1","Ústní zkouška",8,0,"73.9","46.4","14.8"
"Střední průmyslová škola technická. Jablonec nad Nisou. Belgická 4852. příspěvková organizace","Český jazyk a literatura","SOŠ technické 1","Didaktický test",11,2,"100.0","42.2","10.2"
"Střední průmyslová škola technická. Jablonec nad Nisou. Belgická 4852. příspěvková organizace","Český jazyk a literatura","SOŠ technické 1","Písemná práce",11,0,"100.0","48.7","10.6"
"Střední průmyslová škola technická. Jablonec nad Nisou. Belgická 4852. příspěvková organizace","Český jazyk a literatura","SOŠ technické 1","Ústní zkouška",11,0,"100.0","43.2","20.2"
"Střední průmyslová škola technická. Jablonec nad Nisou. Belgická 4852. příspěvková organizace","Matematika","SOŠ technické 1","Didaktický test",3,2,"26.1","33.3","23.7"
"Střední průmyslová škola. Česká Lípa. Havlíčkova 426. příspěvková organizace","Anglický jazyk","SOŠ technické 1","Didaktický test",30,1,"64.7","60.4","15.7"
"Střední průmyslová škola. Česká Lípa. Havlíčkova 426. příspěvková organizace","Anglický jazyk","SOŠ technické 1","Písemná práce",30,0,"64.7","53.0","12.7"
"Střední průmyslová škola. Česká Lípa. Havlíčkova 426. příspěvková organizace","Anglický jazyk","SOŠ technické 1","Ústní zkouška",30,1,"64.7","62.1","17.5"
"Střední průmyslová škola. Česká Lípa. Havlíčkova 426. příspěvková organizace","Český jazyk a literatura","SOŠ technické 1","Didaktický test",45,3,"100.0","41.6","11.0"
"Střední průmyslová škola. Česká Lípa. Havlíčkova 426. příspěvková organizace","Český jazyk a literatura","SOŠ technické 1","Písemná práce",45,0,"100.0","29.5","9.2"
"Střední průmyslová škola. Česká Lípa. Havlíčkova 426. příspěvková organizace","Český jazyk a literatura","SOŠ technické 1","Ústní zkouška",45,3,"100.0","28.8","21.0"
"Střední průmyslová škola. Česká Lípa. Havlíčkova 426. příspěvková organizace","Matematika","SOŠ technické 1","Didaktický test",15,8,"35.3","26.4","19.5"
"Střední škola a Mateřská škola. Na Bojišti 15. Liberec. příspěvková organizace","Anglický jazyk","SOŠ technické 1","Didaktický test",19,1,"90.9","43.9","15.6"
"Střední škola a Mateřská škola. Na Bojišti 15. Liberec. příspěvková organizace","Anglický jazyk","SOŠ technické 1","Písemná práce",19,1,"90.9","47.4","18.8"
"Střední škola a Mateřská škola. Na Bojišti 15. Liberec. příspěvková organizace","Anglický jazyk","SOŠ technické 1","Ústní zkouška",19,2,"90.9","28.9","21.7"
"Střední škola a Mateřská škola. Na Bojišti 15. Liberec. příspěvková organizace","Český jazyk a literatura","SOŠ technické 1","Didaktický test",21,4,"100.0","42.5","11.7"
"Střední škola a Mateřská škola. Na Bojišti 15. Liberec. příspěvková organizace","Český jazyk a literatura","SOŠ technické 1","Písemná práce",21,0,"100.0","54.6","12.7"
"Střední škola a Mateřská škola. Na Bojišti 15. Liberec. příspěvková organizace","Český jazyk a literatura","SOŠ technické 1","Ústní zkouška",21,0,"100.0","35.8","19.5"
"Střední uměleckoprůmyslová škola sklářská. Železný Brod. Smetanovo zátiší 470. příspěvková organizace","Anglický jazyk","SOŠ technické 1","Didaktický test",6,0,"46.2","55.5","9.7"
"Střední uměleckoprůmyslová škola sklářská. Železný Brod. Smetanovo zátiší 470. příspěvková organizace","Anglický jazyk","SOŠ technické 1","Písemná práce",6,0,"46.2","65.8","9.3"
"Střední uměleckoprůmyslová škola sklářská. Železný Brod. Smetanovo zátiší 470. příspěvková organizace","Anglický jazyk","SOŠ technické 1","Ústní zkouška",6,0,"46.2","46.4","24.3"
"Střední uměleckoprůmyslová škola sklářská. Železný Brod. Smetanovo zátiší 470. příspěvková organizace","Český jazyk a literatura","SOŠ technické 1","Didaktický test",12,0,"100.0","58.9","11.4"
"Střední uměleckoprůmyslová škola sklářská. Železný Brod. Smetanovo zátiší 470. příspěvková organizace","Český jazyk a literatura","SOŠ technické 1","Písemná práce",12,0,"100.0","46.5","10.9"
"Střední uměleckoprůmyslová škola sklářská. Železný Brod. Smetanovo zátiší 470. příspěvková organizace","Český jazyk a literatura","SOŠ technické 1","Ústní zkouška",12,1,"100.0","37.4","25.8"
"Střední uměleckoprůmyslová škola sklářská. Železný Brod. Smetanovo zátiší 470. příspěvková organizace","Matematika","SOŠ technické 1","Didaktický test",6,1,"53.8","44.1","23.2"
"Střední průmyslová škola textilní. Liberec. Tyršova 1. příspěvková organizace","Anglický jazyk","SOŠ technické 2","Didaktický test",16,0,"75.8","31.9","12.9"
"Střední průmyslová škola textilní. Liberec. Tyršova 1. příspěvková organizace","Anglický jazyk","SOŠ technické 2","Písemná práce",16,0,"75.8","45.7","9.9"
"Střední průmyslová škola textilní. Liberec. Tyršova 1. příspěvková organizace","Anglický jazyk","SOŠ technické 2","Ústní zkouška",16,3,"75.8","13.6","14.1"
"Střední průmyslová škola textilní. Liberec. Tyršova 1. příspěvková organizace","Český jazyk a literatura","SOŠ technické 2","Didaktický test",20,1,"100.0","47.4","10.4"
"Střední průmyslová škola textilní. Liberec. Tyršova 1. příspěvková organizace","Český jazyk a literatura","SOŠ technické 2","Písemná práce",20,1,"100.0","50.9","15.1"
"Střední průmyslová škola textilní. Liberec. Tyršova 1. příspěvková organizace","Český jazyk a literatura","SOŠ technické 2","Ústní zkouška",20,0,"100.0","34.9","14.9"
"Střední průmyslová škola textilní. Liberec. Tyršova 1. příspěvková organizace","Matematika","SOŠ technické 2","Didaktický test",4,2,"24.2","25.7","15.5"
"Střední škola strojní. stavební a dopravní. Liberec II. Truhlářská 360/3. příspěvková organizace","Anglický jazyk","SOŠ technické 2","Didaktický test",18,1,"84.6","47.4","16.7"
"Střední škola strojní. stavební a dopravní. Liberec II. Truhlářská 360/3. příspěvková organizace","Anglický jazyk","SOŠ technické 2","Písemná práce",18,0,"84.6","44.6","13.0"
"Střední škola strojní. stavební a dopravní. Liberec II. Truhlářská 360/3. příspěvková organizace","Anglický jazyk","SOŠ technické 2","Ústní zkouška",18,1,"84.6","38.4","19.7"
"Střední škola strojní. stavební a dopravní. Liberec II. Truhlářská 360/3. příspěvková organizace","Český jazyk a literatura","SOŠ technické 2","Didaktický test",21,3,"100.0","38.4","11.9"
"Střední škola strojní. stavební a dopravní. Liberec II. Truhlářská 360/3. příspěvková organizace","Český jazyk a literatura","SOŠ technické 2","Písemná práce",21,1,"100.0","38.2","12.9"
"Střední škola strojní. stavební a dopravní. Liberec II. Truhlářská 360/3. příspěvková organizace","Český jazyk a literatura","SOŠ technické 2","Ústní zkouška",21,2,"100.0","49.9","21.8"
"Střední škola strojní. stavební a dopravní. Liberec II. Truhlářská 360/3. příspěvková organizace","Matematika","SOŠ technické 2","Didaktický test",3,3,"15.4","10.6","4.2"
"Střední škola tvorby a designu nábytku. s.r.o.","Anglický jazyk","SOŠ umělecké","Didaktický test",19,0,"91.7","48.0","15.8"
"Střední škola tvorby a designu nábytku. s.r.o.","Anglický jazyk","SOŠ umělecké","Písemná práce",19,0,"91.7","47.9","15.3"
"Střední škola tvorby a designu nábytku. s.r.o.","Anglický jazyk","SOŠ umělecké","Ústní zkouška",19,0,"91.7","44.8","19.2"
"Střední škola tvorby a designu nábytku. s.r.o.","Český jazyk a literatura","SOŠ umělecké","Didaktický test",21,1,"100.0","50.1","13.7"
"Střední škola tvorby a designu nábytku. s.r.o.","Český jazyk a literatura","SOŠ umělecké","Písemná práce",21,0,"100.0","53.6","14.7"
"Střední škola tvorby a designu nábytku. s.r.o.","Český jazyk a literatura","SOŠ umělecké","Ústní zkouška",21,1,"100.0","37.4","17.9"
"Střední škola uměleckořemeslná a oděvní Liberec. s.r.o.","Anglický jazyk","SOŠ umělecké","Didaktický test",7,1,"100.0","35.0","14.7"
"Střední škola uměleckořemeslná a oděvní Liberec. s.r.o.","Anglický jazyk","SOŠ umělecké","Písemná práce",7,1,"100.0","35.8","22.0"
"Střední škola uměleckořemeslná a oděvní Liberec. s.r.o.","Anglický jazyk","SOŠ umělecké","Ústní zkouška",7,1,"100.0","36.4","24.4"
"Střední škola uměleckořemeslná a oděvní Liberec. s.r.o.","Český jazyk a literatura","SOŠ umělecké","Didaktický test",7,2,"100.0","34.3","13.2"
"Střední škola uměleckořemeslná a oděvní Liberec. s.r.o.","Český jazyk a literatura","SOŠ umělecké","Písemná práce",7,0,"100.0","50.5","11.4"
"Střední škola uměleckořemeslná a oděvní Liberec. s.r.o.","Český jazyk a literatura","SOŠ umělecké","Ústní zkouška",7,0,"100.0","28.8","14.5"
"Střední umělecká škola v Liberci s.r.o.","Anglický jazyk","SOŠ umělecké","Didaktický test",18,1,"100.0","52.2","17.7"
"Střední umělecká škola v Liberci s.r.o.","Anglický jazyk","SOŠ umělecké","Písemná práce",18,1,"100.0","61.0","17.5"
"Střední umělecká škola v Liberci s.r.o.","Anglický jazyk","SOŠ umělecké","Ústní zkouška",16,1,"100.0","44.3","19.8"
"Střední umělecká škola v Liberci s.r.o.","Český jazyk a literatura","SOŠ umělecké","Didaktický test",18,2,"100.0","53.5","12.4"
"Střední umělecká škola v Liberci s.r.o.","Český jazyk a literatura","SOŠ umělecké","Písemná práce",18,0,"100.0","47.5","14.7"
"Střední umělecká škola v Liberci s.r.o.","Český jazyk a literatura","SOŠ umělecké","Ústní zkouška",16,2,"100.0","41.1","31.4"
"Střední uměleckoprůmyslová škola a Vyšší odborná škola. Jablonec nad Nisou. Horní náměstí 1. příspěvková organizace","Anglický jazyk","SOŠ umělecké","Didaktický test",22,4,"100.0","45.7","20.7"
"Střední uměleckoprůmyslová škola a Vyšší odborná škola. Jablonec nad Nisou. Horní náměstí 1. příspěvková organizace","Anglický jazyk","SOŠ umělecké","Písemná práce",22,0,"100.0","47.7","18.9"
"Střední uměleckoprůmyslová škola a Vyšší odborná škola. Jablonec nad Nisou. Horní náměstí 1. příspěvková organizace","Anglický jazyk","SOŠ umělecké","Ústní zkouška",22,0,"100.0","53.4","19.5"
"Střední uměleckoprůmyslová škola a Vyšší odborná škola. Jablonec nad Nisou. Horní náměstí 1. příspěvková organizace","Český jazyk a literatura","SOŠ umělecké","Didaktický test",22,2,"100.0","48.1","15.4"
"Střední uměleckoprůmyslová škola a Vyšší odborná škola. Jablonec nad Nisou. Horní náměstí 1. příspěvková organizace","Český jazyk a literatura","SOŠ umělecké","Písemná práce",22,1,"100.0","56.0","16.9"
"Střední uměleckoprůmyslová škola a Vyšší odborná škola. Jablonec nad Nisou. Horní náměstí 1. příspěvková organizace","Český jazyk a literatura","SOŠ umělecké","Ústní zkouška",22,0,"100.0","73.4","11.0"
"Střední uměleckoprůmyslová škola a Vyšší odborná škola. Turnov. Skálova 373.               příspěvková organizace","Anglický jazyk","SOŠ umělecké","Didaktický test",6,1,"71.4","44.9","21.7"
"Střední uměleckoprůmyslová škola a Vyšší odborná škola. Turnov. Skálova 373.               příspěvková organizace","Anglický jazyk","SOŠ umělecké","Písemná práce",6,0,"71.4","53.4","17.3"
"Střední uměleckoprůmyslová škola a Vyšší odborná škola. Turnov. Skálova 373.               příspěvková organizace","Anglický jazyk","SOŠ umělecké","Ústní zkouška",6,1,"71.4","36.2","30.5"
"Střední uměleckoprůmyslová škola a Vyšší odborná škola. Turnov. Skálova 373.               příspěvková organizace","Český jazyk a literatura","SOŠ umělecké","Didaktický test",10,4,"100.0","36.9","15.2"
"Střední uměleckoprůmyslová škola a Vyšší odborná škola. Turnov. Skálova 373.               příspěvková organizace","Český jazyk a literatura","SOŠ umělecké","Písemná práce",10,1,"100.0","28.8","15.7"
"Střední uměleckoprůmyslová škola a Vyšší odborná škola. Turnov. Skálova 373.               příspěvková organizace","Český jazyk a literatura","SOŠ umělecké","Ústní zkouška",10,1,"100.0","31.4","20.1"
"Střední uměleckoprůmyslová škola a Vyšší odborná škola. Turnov. Skálova 373.               příspěvková organizace","Matematika","SOŠ umělecké","Didaktický test",4,3,"28.6","20.2","10.5"
"Střední uměleckoprůmyslová škola sklářská. Kamenický Šenov. Havlíčkova 57. příspěvková organizace","Anglický jazyk","SOŠ umělecké","Didaktický test",15,0,"100.0","46.1","12.8"
"Střední uměleckoprůmyslová škola sklářská. Kamenický Šenov. Havlíčkova 57. příspěvková organizace","Anglický jazyk","SOŠ umělecké","Písemná práce",15,0,"100.0","67.8","9.1"
"Střední uměleckoprůmyslová škola sklářská. Kamenický Šenov. Havlíčkova 57. příspěvková organizace","Anglický jazyk","SOŠ umělecké","Ústní zkouška",15,1,"100.0","48.5","15.5"
"Střední uměleckoprůmyslová škola sklářská. Kamenický Šenov. Havlíčkova 57. příspěvková organizace","Český jazyk a literatura","SOŠ umělecké","Didaktický test",15,1,"100.0","50.0","16.2"
"Střední uměleckoprůmyslová škola sklářská. Kamenický Šenov. Havlíčkova 57. příspěvková organizace","Český jazyk a literatura","SOŠ umělecké","Písemná práce",15,3,"100.0","33.0","21.1"
"Střední uměleckoprůmyslová škola sklářská. Kamenický Šenov. Havlíčkova 57. příspěvková organizace","Český jazyk a literatura","SOŠ umělecké","Ústní zkouška",15,0,"100.0","63.3","13.4"
"Střední uměleckoprůmyslová škola sklářská. Železný Brod. Smetanovo zátiší 470. příspěvková organizace","Anglický jazyk","SOŠ umělecké","Didaktický test",14,2,"100.0","46.0","24.8"
"Střední uměleckoprůmyslová škola sklářská. Železný Brod. Smetanovo zátiší 470. příspěvková organizace","Anglický jazyk","SOŠ umělecké","Písemná práce",14,2,"100.0","40.4","21.9"
"Střední uměleckoprůmyslová škola sklářská. Železný Brod. Smetanovo zátiší 470. příspěvková organizace","Anglický jazyk","SOŠ umělecké","Ústní zkouška",14,3,"100.0","43.8","26.1"
"Střední uměleckoprůmyslová škola sklářská. Železný Brod. Smetanovo zátiší 470. příspěvková organizace","Český jazyk a literatura","SOŠ umělecké","Didaktický test",14,3,"100.0","40.1","21.8"
"Střední uměleckoprůmyslová škola sklářská. Železný Brod. Smetanovo zátiší 470. příspěvková organizace","Český jazyk a literatura","SOŠ umělecké","Písemná práce",14,0,"100.0","31.9","15.9"
"Střední uměleckoprůmyslová škola sklářská. Železný Brod. Smetanovo zátiší 470. příspěvková organizace","Český jazyk a literatura","SOŠ umělecké","Ústní zkouška",14,2,"100.0","33.1","28.1"
"Vyšší odborná škola sklářská a Střední škola. Nový Bor. Wolkerova 316. příspěvková organizace","Anglický jazyk","SOŠ umělecké","Didaktický test",14,2,"100.0","44.0","19.6"
"Vyšší odborná škola sklářská a Střední škola. Nový Bor. Wolkerova 316. příspěvková organizace","Anglický jazyk","SOŠ umělecké","Písemná práce",14,0,"100.0","42.1","16.2"
"Vyšší odborná škola sklářská a Střední škola. Nový Bor. Wolkerova 316. příspěvková organizace","Anglický jazyk","SOŠ umělecké","Ústní zkouška",14,1,"100.0","39.0","18.8"
"Vyšší odborná škola sklářská a Střední škola. Nový Bor. Wolkerova 316. příspěvková organizace","Český jazyk a literatura","SOŠ umělecké","Didaktický test",14,2,"100.0","56.7","15.7"
"Vyšší odborná škola sklářská a Střední škola. Nový Bor. Wolkerova 316. příspěvková organizace","Český jazyk a literatura","SOŠ umělecké","Písemná práce",14,2,"100.0","48.4","19.6"
"Vyšší odborná škola sklářská a Střední škola. Nový Bor. Wolkerova 316. příspěvková organizace","Český jazyk a literatura","SOŠ umělecké","Ústní zkouška",14,1,"100.0","61.2","10.5"
"Střední zdravotnická škola a Vyšší odborná škola zdravotnická. Liberec. Kostelní 9. příspěvková organizace","Anglický jazyk","SOŠ zdravotnické","Didaktický test",30,2,"83.8","52.1","16.7"
"Střední zdravotnická škola a Vyšší odborná škola zdravotnická. Liberec. Kostelní 9. příspěvková organizace","Anglický jazyk","SOŠ zdravotnické","Písemná práce",30,0,"83.8","63.8","8.9"
"Střední zdravotnická škola a Vyšší odborná škola zdravotnická. Liberec. Kostelní 9. příspěvková organizace","Anglický jazyk","SOŠ zdravotnické","Ústní zkouška",30,1,"83.8","47.1","18.0"
"Střední zdravotnická škola a Vyšší odborná škola zdravotnická. Liberec. Kostelní 9. příspěvková organizace","Český jazyk a literatura","SOŠ zdravotnické","Didaktický test",36,3,"100.0","50.0","11.9"
"Střední zdravotnická škola a Vyšší odborná škola zdravotnická. Liberec. Kostelní 9. příspěvková organizace","Český jazyk a literatura","SOŠ zdravotnické","Písemná práce",36,0,"100.0","48.2","12.6"
"Střední zdravotnická škola a Vyšší odborná škola zdravotnická. Liberec. Kostelní 9. příspěvková organizace","Český jazyk a literatura","SOŠ zdravotnické","Ústní zkouška",36,0,"100.0","52.0","16.4"
"Střední zdravotnická škola a Vyšší odborná škola zdravotnická. Liberec. Kostelní 9. příspěvková organizace","Matematika","SOŠ zdravotnické","Didaktický test",5,2,"13.5","22.8","16.3"
"Střední zdravotnická škola. Turnov. 28. října 1390. příspěvková organizace","Anglický jazyk","SOŠ zdravotnické","Didaktický test",17,2,"100.0","26.0","10.4"
"Střední zdravotnická škola. Turnov. 28. října 1390. příspěvková organizace","Anglický jazyk","SOŠ zdravotnické","Písemná práce",17,2,"100.0","32.1","18.1"
"Střední zdravotnická škola. Turnov. 28. října 1390. příspěvková organizace","Anglický jazyk","SOŠ zdravotnické","Ústní zkouška",17,4,"100.0","30.4","27.1"
"Střední zdravotnická škola. Turnov. 28. října 1390. příspěvková organizace","Český jazyk a literatura","SOŠ zdravotnické","Didaktický test",17,2,"100.0","40.9","9.8"
"Střední zdravotnická škola. Turnov. 28. října 1390. příspěvková organizace","Český jazyk a literatura","SOŠ zdravotnické","Písemná práce",17,1,"100.0","35.6","14.3"
"Střední zdravotnická škola. Turnov. 28. října 1390. příspěvková organizace","Český jazyk a literatura","SOŠ zdravotnické","Ústní zkouška",17,1,"100.0","34.4","17.7"
"Střední odborná škola a Střední odborné učiliště. Česká Lípa. 28. října 2707. příspěvková organizace","Anglický jazyk","SOŠ zemědělské","Didaktický test",4,3,"87.5","12.3","19.4"
"Střední odborná škola a Střední odborné učiliště. Česká Lípa. 28. října 2707. příspěvková organizace","Anglický jazyk","SOŠ zemědělské","Písemná práce",4,1,"87.5","20.5","22.0"
"Střední odborná škola a Střední odborné učiliště. Česká Lípa. 28. října 2707. příspěvková organizace","Anglický jazyk","SOŠ zemědělské","Ústní zkouška",4,0,"87.5","28.7","16.5"
"Střední odborná škola a Střední odborné učiliště. Česká Lípa. 28. října 2707. příspěvková organizace","Český jazyk a literatura","SOŠ zemědělské","Didaktický test",5,2,"100.0","26.1","10.7"
"Střední odborná škola a Střední odborné učiliště. Česká Lípa. 28. října 2707. příspěvková organizace","Český jazyk a literatura","SOŠ zemědělské","Písemná práce",5,2,"100.0","22.2","14.3"
"Střední odborná škola a Střední odborné učiliště. Česká Lípa. 28. října 2707. příspěvková organizace","Český jazyk a literatura","SOŠ zemědělské","Ústní zkouška",5,0,"100.0","49.0","22.0"
"Střední škola hospodářská a lesnická. Frýdlant. Bělíkova 1387. příspěvková organizace","Anglický jazyk","SOŠ zemědělské","Didaktický test",12,3,"80.0","36.7","18.5"
"Střední škola hospodářská a lesnická. Frýdlant. Bělíkova 1387. příspěvková organizace","Anglický jazyk","SOŠ zemědělské","Písemná práce",12,1,"80.0","44.1","20.9"
"Střední škola hospodářská a lesnická. Frýdlant. Bělíkova 1387. příspěvková organizace","Anglický jazyk","SOŠ zemědělské","Ústní zkouška",12,3,"80.0","27.1","23.4"
"Střední škola hospodářská a lesnická. Frýdlant. Bělíkova 1387. příspěvková organizace","Český jazyk a literatura","SOŠ zemědělské","Didaktický test",15,2,"100.0","48.2","16.3"
"Střední škola hospodářská a lesnická. Frýdlant. Bělíkova 1387. příspěvková organizace","Český jazyk a literatura","SOŠ zemědělské","Písemná práce",15,0,"100.0","44.3","17.0"
"Střední škola hospodářská a lesnická. Frýdlant. Bělíkova 1387. příspěvková organizace","Český jazyk a literatura","SOŠ zemědělské","Ústní zkouška",15,1,"100.0","33.9","24.1"
"Střední škola hospodářská a lesnická. Frýdlant. Bělíkova 1387. příspěvková organizace","Matematika","SOŠ zemědělské","Didaktický test",3,1,"20.0","39.8","19.2"
"Střední škola gastronomie a služeb. Liberec. Dvorská 447/29. příspěvková organizace","Anglický jazyk","SOU ostatní","Didaktický test",20,5,"92.3","29.5","18.7"
"Střední škola gastronomie a služeb. Liberec. Dvorská 447/29. příspěvková organizace","Anglický jazyk","SOU ostatní","Písemná práce",20,1,"92.3","63.4","17.5"
"Střední škola gastronomie a služeb. Liberec. Dvorská 447/29. příspěvková organizace","Anglický jazyk","SOU ostatní","Ústní zkouška",20,2,"92.3","36.6","23.7"
"Střední škola gastronomie a služeb. Liberec. Dvorská 447/29. příspěvková organizace","Český jazyk a literatura","SOU ostatní","Didaktický test",22,4,"100.0","37.1","13.2"
"Střední škola gastronomie a služeb. Liberec. Dvorská 447/29. příspěvková organizace","Český jazyk a literatura","SOU ostatní","Písemná práce",22,2,"100.0","21.9","15.2"
"Střední škola gastronomie a služeb. Liberec. Dvorská 447/29. příspěvková organizace","Český jazyk a literatura","SOU ostatní","Ústní zkouška",22,5,"100.0","29.0","29.9"
"Euroškola Česká Lípa střední odborná škola s.r.o.","Anglický jazyk","SOU ostatní (nástavby)","Didaktický test",7,2,"56.3","37.5","21.9"
"Euroškola Česká Lípa střední odborná škola s.r.o.","Anglický jazyk","SOU ostatní (nástavby)","Písemná práce",7,2,"56.3","32.2","30.3"
"Euroškola Česká Lípa střední odborná škola s.r.o.","Anglický jazyk","SOU ostatní (nástavby)","Ústní zkouška",7,2,"56.3","25.3","26.0"
"Euroškola Česká Lípa střední odborná škola s.r.o.","Český jazyk a literatura","SOU ostatní (nástavby)","Didaktický test",11,1,"100.0","45.9","13.8"
"Euroškola Česká Lípa střední odborná škola s.r.o.","Český jazyk a literatura","SOU ostatní (nástavby)","Písemná práce",11,1,"100.0","42.6","21.1"
"Euroškola Česká Lípa střední odborná škola s.r.o.","Český jazyk a literatura","SOU ostatní (nástavby)","Ústní zkouška",11,0,"100.0","42.0","15.3"
"Euroškola Česká Lípa střední odborná škola s.r.o.","Německý jazyk","SOU ostatní (nástavby)","Didaktický test",4,2,"37.5","30.9","18.3"
"Euroškola Česká Lípa střední odborná škola s.r.o.","Německý jazyk","SOU ostatní (nástavby)","Písemná práce",4,4,"37.5","10.5","5.7"
"Euroškola Česká Lípa střední odborná škola s.r.o.","Německý jazyk","SOU ostatní (nástavby)","Ústní zkouška",4,0,"37.5","18.4","2.5"
"Integrovaná střední škola. Semily. 28. října 607. příspěvková organizace","Anglický jazyk","SOU ostatní (nástavby)","Didaktický test",11,3,"46.2","24.4","12.5"
"Integrovaná střední škola. Semily. 28. října 607. příspěvková organizace","Anglický jazyk","SOU ostatní (nástavby)","Písemná práce",10,4,"46.2","27.1","24.9"
"Integrovaná střední škola. Semily. 28. října 607. příspěvková organizace","Anglický jazyk","SOU ostatní (nástavby)","Ústní zkouška",10,3,"46.2","22.5","20.1"
"Integrovaná střední škola. Semily. 28. října 607. příspěvková organizace","Český jazyk a literatura","SOU ostatní (nástavby)","Didaktický test",24,9,"100.0","25.4","12.1"
"Integrovaná střední škola. Semily. 28. října 607. příspěvková organizace","Český jazyk a literatura","SOU ostatní (nástavby)","Písemná práce",24,1,"100.0","49.2","13.9"
"Integrovaná střední škola. Semily. 28. října 607. příspěvková organizace","Český jazyk a literatura","SOU ostatní (nástavby)","Ústní zkouška",23,5,"100.0","12.5","18.6"
"Integrovaná střední škola. Semily. 28. října 607. příspěvková organizace","Matematika","SOU ostatní (nástavby)","Didaktický test",7,7,"26.9","5.0","6.6"
"Integrovaná střední škola. Semily. 28. října 607. příspěvková organizace","Ruský jazyk","SOU ostatní (nástavby)","Didaktický test",4,0,"15.4","31.5","8.4"
"Integrovaná střední škola. Semily. 28. října 607. příspěvková organizace","Ruský jazyk","SOU ostatní (nástavby)","Písemná práce",4,0,"15.4","53.2","16.8"
"Integrovaná střední škola. Semily. 28. října 607. příspěvková organizace","Ruský jazyk","SOU ostatní (nástavby)","Ústní zkouška",4,1,"15.4","20.6","25.3"
"Střední odborná škola a Střední odborné učiliště. Česká Lípa. 28. října 2707. příspěvková organizace","Anglický jazyk","SOU ostatní (nástavby)","Didaktický test",18,4,"80.0","30.0","18.7"
"Střední odborná škola a Střední odborné učiliště. Česká Lípa. 28. října 2707. příspěvková organizace","Anglický jazyk","SOU ostatní (nástavby)","Písemná práce",18,2,"80.0","21.6","17.8"
"Střední odborná škola a Střední odborné učiliště. Česká Lípa. 28. října 2707. příspěvková organizace","Anglický jazyk","SOU ostatní (nástavby)","Ústní zkouška",18,2,"80.0","46.5","25.2"
"Střední odborná škola a Střední odborné učiliště. Česká Lípa. 28. října 2707. příspěvková organizace","Český jazyk a literatura","SOU ostatní (nástavby)","Didaktický test",22,9,"100.0","23.1","9.7"
"Střední odborná škola a Střední odborné učiliště. Česká Lípa. 28. října 2707. příspěvková organizace","Český jazyk a literatura","SOU ostatní (nástavby)","Písemná práce",22,2,"100.0","19.9","12.3"
"Střední odborná škola a Střední odborné učiliště. Česká Lípa. 28. října 2707. příspěvková organizace","Český jazyk a literatura","SOU ostatní (nástavby)","Ústní zkouška",22,1,"100.0","53.9","23.0"
"Střední odborná škola a Střední odborné učiliště. Česká Lípa. 28. října 2707. příspěvková organizace","Německý jazyk","SOU ostatní (nástavby)","Didaktický test",3,1,"16.0","19.4","9.1"
"Střední odborná škola a Střední odborné učiliště. Česká Lípa. 28. října 2707. příspěvková organizace","Německý jazyk","SOU ostatní (nástavby)","Písemná práce",3,1,"16.0","39.1","20.0"
"Střední odborná škola a Střední odborné učiliště. Česká Lípa. 28. října 2707. příspěvková organizace","Německý jazyk","SOU ostatní (nástavby)","Ústní zkouška",3,0,"16.0","39.9","14.1"
"Střední odborná škola obchodní s. r. o. se sídlem Liberec 6. Broumovská 839","Český jazyk a literatura","SOU ostatní (nástavby)","Didaktický test",2,1,"100.0","27.5","14.1"
"Střední odborná škola obchodní s. r. o. se sídlem Liberec 6. Broumovská 839","Český jazyk a literatura","SOU ostatní (nástavby)","Písemná práce",2,0,"100.0","30.1","7.1"
"Střední odborná škola obchodní s. r. o. se sídlem Liberec 6. Broumovská 839","Český jazyk a literatura","SOU ostatní (nástavby)","Ústní zkouška",2,0,"100.0","45.9","12.6"
"Střední škola gastronomie a služeb. Liberec. Dvorská 447/29. příspěvková organizace","Anglický jazyk","SOU ostatní (nástavby)","Didaktický test",10,4,"85.7","16.6","10.5"
"Střední škola gastronomie a služeb. Liberec. Dvorská 447/29. příspěvková organizace","Anglický jazyk","SOU ostatní (nástavby)","Písemná práce",10,0,"85.7","28.1","9.6"
"Střední škola gastronomie a služeb. Liberec. Dvorská 447/29. příspěvková organizace","Anglický jazyk","SOU ostatní (nástavby)","Ústní zkouška",10,2,"85.7","13.4","18.4"
"Střední škola gastronomie a služeb. Liberec. Dvorská 447/29. příspěvková organizace","Český jazyk a literatura","SOU ostatní (nástavby)","Didaktický test",12,4,"100.0","22.8","10.8"
"Střední škola gastronomie a služeb. Liberec. Dvorská 447/29. příspěvková organizace","Český jazyk a literatura","SOU ostatní (nástavby)","Písemná práce",12,0,"100.0","45.6","17.8"
"Střední škola gastronomie a služeb. Liberec. Dvorská 447/29. příspěvková organizace","Český jazyk a literatura","SOU ostatní (nástavby)","Ústní zkouška",12,0,"100.0","39.9","15.4"
"Střední škola hospodářská a lesnická. Frýdlant. Bělíkova 1387. příspěvková organizace","Anglický jazyk","SOU ostatní (nástavby)","Didaktický test",6,0,"62.5","77.4","3.6"
"Střední škola hospodářská a lesnická. Frýdlant. Bělíkova 1387. příspěvková organizace","Anglický jazyk","SOU ostatní (nástavby)","Písemná práce",6,0,"62.5","21.5","10.6"
"Střední škola hospodářská a lesnická. Frýdlant. Bělíkova 1387. příspěvková organizace","Anglický jazyk","SOU ostatní (nástavby)","Ústní zkouška",6,0,"62.5","38.1","15.1"
"Střední škola hospodářská a lesnická. Frýdlant. Bělíkova 1387. příspěvková organizace","Český jazyk a literatura","SOU ostatní (nástavby)","Didaktický test",8,1,"100.0","37.7","10.4"
"Střední škola hospodářská a lesnická. Frýdlant. Bělíkova 1387. příspěvková organizace","Český jazyk a literatura","SOU ostatní (nástavby)","Písemná práce",8,0,"100.0","19.8","7.5"
"Střední škola hospodářská a lesnická. Frýdlant. Bělíkova 1387. příspěvková organizace","Český jazyk a literatura","SOU ostatní (nástavby)","Ústní zkouška",8,4,"100.0","12.0","26.2"
"Střední škola hospodářská a lesnická. Frýdlant. Bělíkova 1387. příspěvková organizace","Matematika","SOU ostatní (nástavby)","Didaktický test",2,2,"25.0","8.4","5.7"
"Střední škola řemesel a služeb. Jablonec nad Nisou. Smetanova 66. příspěvková organizace","Anglický jazyk","SOU ostatní (nástavby)","Didaktický test",8,2,"58.6","41.4","20.1"
"Střední škola řemesel a služeb. Jablonec nad Nisou. Smetanova 66. příspěvková organizace","Anglický jazyk","SOU ostatní (nástavby)","Písemná práce",8,1,"58.6","45.0","23.1"
"Střední škola řemesel a služeb. Jablonec nad Nisou. Smetanova 66. příspěvková organizace","Anglický jazyk","SOU ostatní (nástavby)","Ústní zkouška",8,0,"58.6","41.0","15.8"
"Střední škola řemesel a služeb. Jablonec nad Nisou. Smetanova 66. příspěvková organizace","Český jazyk a literatura","SOU ostatní (nástavby)","Didaktický test",14,1,"100.0","39.7","10.0"
"Střední škola řemesel a služeb. Jablonec nad Nisou. Smetanova 66. příspěvková organizace","Český jazyk a literatura","SOU ostatní (nástavby)","Písemná práce",14,0,"100.0","58.9","11.8"
"Střední škola řemesel a služeb. Jablonec nad Nisou. Smetanova 66. příspěvková organizace","Český jazyk a literatura","SOU ostatní (nástavby)","Ústní zkouška",14,0,"100.0","40.1","15.1"
"Střední škola řemesel a služeb. Jablonec nad Nisou. Smetanova 66. příspěvková organizace","Matematika","SOU ostatní (nástavby)","Didaktický test",1,1,"13.8","10.4",
"Střední škola řemesel a služeb. Jablonec nad Nisou. Smetanova 66. příspěvková organizace","Německý jazyk","SOU ostatní (nástavby)","Didaktický test",4,0,"27.6","44.0","12.2"
"Střední škola řemesel a služeb. Jablonec nad Nisou. Smetanova 66. příspěvková organizace","Německý jazyk","SOU ostatní (nástavby)","Písemná práce",4,1,"27.6","34.6","29.0"
"Střední škola řemesel a služeb. Jablonec nad Nisou. Smetanova 66. příspěvková organizace","Německý jazyk","SOU ostatní (nástavby)","Ústní zkouška",4,1,"27.6","41.8","18.8"
"Střední škola strojní. stavební a dopravní. Liberec II. Truhlářská 360/3. příspěvková organizace","Anglický jazyk","SOU ostatní (nástavby)","Didaktický test",15,3,"71.4","48.6","25.8"
"Střední škola strojní. stavební a dopravní. Liberec II. Truhlářská 360/3. příspěvková organizace","Anglický jazyk","SOU ostatní (nástavby)","Písemná práce",15,3,"71.4","37.8","20.1"
"Střední škola strojní. stavební a dopravní. Liberec II. Truhlářská 360/3. příspěvková organizace","Anglický jazyk","SOU ostatní (nástavby)","Ústní zkouška",15,2,"71.4","48.1","29.1"
"Střední škola strojní. stavební a dopravní. Liberec II. Truhlářská 360/3. příspěvková organizace","Český jazyk a literatura","SOU ostatní (nástavby)","Didaktický test",22,6,"100.0","33.7","13.1"
"Střední škola strojní. stavební a dopravní. Liberec II. Truhlářská 360/3. příspěvková organizace","Český jazyk a literatura","SOU ostatní (nástavby)","Písemná práce",22,1,"100.0","38.4","17.9"
"Střední škola strojní. stavební a dopravní. Liberec II. Truhlářská 360/3. příspěvková organizace","Český jazyk a literatura","SOU ostatní (nástavby)","Ústní zkouška",22,4,"100.0","39.9","28.7"
"Střední škola strojní. stavební a dopravní. Liberec II. Truhlářská 360/3. příspěvková organizace","Matematika","SOU ostatní (nástavby)","Didaktický test",7,6,"28.6","11.2","10.1"
"Střední škola. Lomnice nad Popelkou. Antala Staška 213. příspěvková organizace","Český jazyk a literatura","SOU ostatní (nástavby)","Didaktický test",5,1,"100.0","32.7","9.7"
"Střední škola. Lomnice nad Popelkou. Antala Staška 213. příspěvková organizace","Český jazyk a literatura","SOU ostatní (nástavby)","Písemná práce",6,1,"100.0","43.4","21.6"
"Střední škola. Lomnice nad Popelkou. Antala Staška 213. příspěvková organizace","Český jazyk a literatura","SOU ostatní (nástavby)","Ústní zkouška",5,1,"100.0","37.1","36.7"
"Střední škola. Lomnice nad Popelkou. Antala Staška 213. příspěvková organizace","Matematika","SOU ostatní (nástavby)","Didaktický test",4,4,"71.4","5.2","3.5"
"Integrovaná střední škola. Vysoké nad Jizerou. Dr. Farského 300. příspěvková organizace","Anglický jazyk","SOU technické","Didaktický test",24,1,"75.7","44.3","15.3"
"Integrovaná střední škola. Vysoké nad Jizerou. Dr. Farského 300. příspěvková organizace","Anglický jazyk","SOU technické","Písemná práce",24,0,"75.7","48.3","9.5"
"Integrovaná střední škola. Vysoké nad Jizerou. Dr. Farského 300. příspěvková organizace","Anglický jazyk","SOU technické","Ústní zkouška",24,1,"75.7","27.5","14.9"
"Integrovaná střední škola. Vysoké nad Jizerou. Dr. Farského 300. příspěvková organizace","Český jazyk a literatura","SOU technické","Didaktický test",31,5,"100.0","39.6","10.0"
"Integrovaná střední škola. Vysoké nad Jizerou. Dr. Farského 300. příspěvková organizace","Český jazyk a literatura","SOU technické","Písemná práce",31,0,"100.0","39.2","14.6"
"Integrovaná střední škola. Vysoké nad Jizerou. Dr. Farského 300. příspěvková organizace","Český jazyk a literatura","SOU technické","Ústní zkouška",31,3,"100.0","40.1","21.7"
"Integrovaná střední škola. Vysoké nad Jizerou. Dr. Farského 300. příspěvková organizace","Matematika","SOU technické","Didaktický test",7,3,"24.3","27.5","13.3"
"Střední škola a Mateřská škola. Na Bojišti 15. Liberec. příspěvková organizace","Anglický jazyk","SOU technické","Didaktický test",17,1,"92.3","56.9","14.6"
"Střední škola a Mateřská škola. Na Bojišti 15. Liberec. příspěvková organizace","Anglický jazyk","SOU technické","Písemná práce",17,0,"92.3","42.5","14.4"
"Střední škola a Mateřská škola. Na Bojišti 15. Liberec. příspěvková organizace","Anglický jazyk","SOU technické","Ústní zkouška",17,1,"92.3","59.0","15.5"
"Střední škola a Mateřská škola. Na Bojišti 15. Liberec. příspěvková organizace","Český jazyk a literatura","SOU technické","Didaktický test",18,3,"100.0","45.3","13.0"
"Střední škola a Mateřská škola. Na Bojišti 15. Liberec. příspěvková organizace","Český jazyk a literatura","SOU technické","Písemná práce",18,0,"100.0","41.7","11.3"
"Střední škola a Mateřská škola. Na Bojišti 15. Liberec. příspěvková organizace","Český jazyk a literatura","SOU technické","Ústní zkouška",18,1,"100.0","62.2","10.7"
"Střední škola strojní. stavební a dopravní. Liberec II. Truhlářská 360/3. příspěvková organizace","Anglický jazyk","SOU technické","Didaktický test",21,2,"73.7","36.9","14.3"
"Střední škola strojní. stavební a dopravní. Liberec II. Truhlářská 360/3. příspěvková organizace","Anglický jazyk","SOU technické","Písemná práce",21,1,"73.7","31.7","12.5"
"Střední škola strojní. stavební a dopravní. Liberec II. Truhlářská 360/3. příspěvková organizace","Anglický jazyk","SOU technické","Ústní zkouška",21,1,"73.7","38.9","20.0"
"Střední škola strojní. stavební a dopravní. Liberec II. Truhlářská 360/3. příspěvková organizace","Český jazyk a literatura","SOU technické","Didaktický test",26,15,"100.0","26.2","11.3"
"Střední škola strojní. stavební a dopravní. Liberec II. Truhlářská 360/3. příspěvková organizace","Český jazyk a literatura","SOU technické","Písemná práce",28,4,"100.0","16.6","12.0"
"Střední škola strojní. stavební a dopravní. Liberec II. Truhlářská 360/3. příspěvková organizace","Český jazyk a literatura","SOU technické","Ústní zkouška",26,1,"100.0","34.9","20.8"
"Střední škola strojní. stavební a dopravní. Liberec II. Truhlářská 360/3. příspěvková organizace","Matematika","SOU technické","Didaktický test",5,5,"26.3","15.4","6.4"
"Střední odborná škola a Střední odborné učiliště. Česká Lípa. 28. října 2707. příspěvková organizace","Český jazyk a literatura","SOU technické (nástavby)","Didaktický test",5,2,"100.0","33.7","19.5"
"Střední odborná škola a Střední odborné učiliště. Česká Lípa. 28. října 2707. příspěvková organizace","Český jazyk a literatura","SOU technické (nástavby)","Písemná práce",5,2,"100.0","21.3","16.3"
"Střední odborná škola a Střední odborné učiliště. Česká Lípa. 28. října 2707. příspěvková organizace","Český jazyk a literatura","SOU technické (nástavby)","Ústní zkouška",5,0,"100.0","55.9","27.8"
"Střední škola a Mateřská škola. Na Bojišti 15. Liberec. příspěvková organizace","Anglický jazyk","SOU technické (nástavby)","Didaktický test",17,2,"100.0","26.6","12.7"
"Střední škola a Mateřská škola. Na Bojišti 15. Liberec. příspěvková organizace","Anglický jazyk","SOU technické (nástavby)","Písemná práce",17,1,"100.0","29.3","16.8"
"Střední škola a Mateřská škola. Na Bojišti 15. Liberec. příspěvková organizace","Anglický jazyk","SOU technické (nástavby)","Ústní zkouška",16,3,"100.0","29.8","21.7"
"Střední škola a Mateřská škola. Na Bojišti 15. Liberec. příspěvková organizace","Český jazyk a literatura","SOU technické (nástavby)","Didaktický test",17,2,"100.0","39.1","9.9"
"Střední škola a Mateřská škola. Na Bojišti 15. Liberec. příspěvková organizace","Český jazyk a literatura","SOU technické (nástavby)","Písemná práce",17,2,"100.0","28.0","13.0"
"Střední škola a Mateřská škola. Na Bojišti 15. Liberec. příspěvková organizace","Český jazyk a literatura","SOU technické (nástavby)","Ústní zkouška",16,2,"100.0","62.4","26.8"
